TOPIC,Türkçe,English
ablative,Adada kim var?,Who is on the island?
ablative,Adadan geliyorlar.,They are coming from the island.
ablative,Aşçı mutfaktan çıkıyor.,The cook is leaving the kitchen.
ablative,Bankada değilsin.,You are not at the bank.
ablative,Bankada yasli adam süt içiyor.,The old man is drinking milk at the bank.
ablative,Bankadan geliyorlar.,They are coming from the bank.
ablative,Barda süt içiyorum.,I am drinking milk at the bar.
ablative,Barda yaşlı kadınlar var.,There are old women at the bar.
ablative,Bardan geliyorsun.,You are coming from the bar.
ablative,Bardan geliyorum ve eve gidiyorum.,I am coming from the bar and going home.
ablative,Ben bu saraydan geliyorum.,I am coming from this palace.
ablative,Ben çıkıyorum.,I am leaving.
ablative,Bu güzel mahalleden gidiyorum.,I am leaving this beautiful neighborhood.
ablative,Bu yumurtayı köyden alıyoruz.,We are getting this egg from the village.
ablative,Burada bahçeyi görüyorum.,I see the garden here.
ablative,Burada neden bekliyorsun?,Why are you waiting here?
ablative,Buradan bahçeyi görüyorum.,I see the garden from here.
ablative,Buradan güneye bir adam gidiyor.,A man is going south from here.
ablative,Burasi Taksim Meydanı.,This is Taksim Square.
ablative,Çocuklar okuldan geliyor.,The children are coming from school.
ablative,Doğu soğuk.,The east is cold.
ablative,Duo güneyde.,Duo is in the south.
ablative,Elmalar o adadan geliyor.,The apples come from that island.
ablative,Evden bahçeye kadar koşuyor.,He is running from the house to the garden.
ablative,Evden geliyorum.,I am coming from home.
ablative,Evden geliyoruz.,We are coming from home.
ablative,Evden kitapları alıyorum.,I am taking the books from the house.
ablative,Evimden parkı görüyorum.,I see the park from my house.
ablative,Evimizden bahçeyi görüyoruz.,We see the garden from our house.
ablative,Fil kadar büyük.,Big as an elephant.
abstract_objects,Ama emir emirdir.,But an order is an order.
abstract_objects,Anne olmak muhteşem bir duygu.,Being a mother is a wonderful feeling.
abstract_objects,Aşk çok güzel bir duygu.,Love is a very beautiful feeling.
abstract_objects,Aşk için zamanım yok.,I have no time for love.
abstract_objects,Babama saygı duyuyor.,He respects my father.
abstract_objects,Bana yardım gerekmiyor.,I do not need help.
abstract_objects,Ben bu tip ayakkabı seviyorum.,I like this type of shoe.
abstract_objects,Bir kedi bu krize neden oldu.,A cat caused this crisis.
abstract_objects,Bir kedinin dokuz canı vardır.,A cat has nine lives.
abstract_objects,Bu adamın daha çok gücü var.,This man has more power.
abstract_objects,Bu başka bir tür.,This is another species/type.
abstract_objects,Bu konuda bir düşüncem yok.,I have no thought on this matter.
abstract_objects,Bu ne tür bir kitap?,What kind of book is this?
abstract_objects,Bu olayı gelecekte herkes konuşacak.,Everyone will talk about this event in the future.
abstract_objects,Bu restoranda hizmet çok kötü.,Service is very bad in this restaurant.
abstract_objects,Bu sistem her şeyi değiştirecek.,This system will change everything.
abstract_objects,Bu sorun çok ciddi.,This problem is very serious.
abstract_objects,Bu tip değişiklikler normaldir.,These types of changes are normal.
abstract_objects,Bu yemeğin tadı yok.,This food has no taste.
abstract_objects,Bu yeni bir olay.,This is a new event.
abstract_objects,Canım çilek yemek istiyor.,I feel like eating strawberries.
abstract_objects,Durum kontrol altında.,The situation is under control.
abstract_objects,Gazeteler kriz hakkında yazıyor.,Newspapers are writing about the crisis.
abstract_objects,"Gücü kullan, Luke!","Use the force, Luke!"
abstract_objects,Güzel bir hayatım var.,I have a good life.
abstract_objects,Haberleri beğendin mi?,Did you like the news?
abstract_objects,Hangi tip yemekleri seviyorsun?,What type of food do you like?
abstract_objects,Hasta adamın durumu çok üzücü.,The sick man's condition is very sad.
abstract_objects,Hastanın durumunda bir değişiklik var mı?,Is there a change in the patient's condition?
abstract_objects,Her şey benim kontrolüm altında.,Everything is under my control.
adjectives,Ailem benim için önemli.,My family is important to me.
adjectives,Aynı kitabı okuyoruz.,We are reading the same book.
adjectives,Annemin arabası daha hızlı.,My mother's car is faster.
adjectives,Aslan kesinlikle en hızlı hayvan.,The lion is definitely the fastest animal.
adjectives,Başka bir restorana git!,Go to another restaurant!
adjectives,Başka elbise var mı?,Is there another dress?
adjectives,Ben çok uzunum.,I am very tall.
adjectives,Başka hangi kitapları okuyorsun.,What other books are you reading?
adjectives,Ben çok kısayım.,I am very short.
adjectives,Ben müsait değilim.,I am not available.
adjectives,Ben hep ucuz elbiseler giyerim.,I always wear cheap dresses.
adjectives,Ben kendi evimde yaşıyorum.,I live in my own house.
adjectives,Ben meşhur olmak istiyorum.,I want to be famous.
adjectives,Ben senden daha üzgünüm.,I am sadder than you.
adjectives,Benim ayakkabım kirli.,My shoe is dirty.
adjectives,Benim babam harika bir adam.,My father is a wonderful man.
adjectives,Benim halam modern bir kadındır.,My paternal aunt is a modern woman.
adjectives,Benim için doğru kişi sen değilsin.,You are not the right person for me.
adjectives,Benim kız kardeşlerim farklılar.,My sisters are different.
adjectives,Beşinci kat çok yüksek.,The fifth floor is very high.
adjectives,Biz aynı şehirde yaşıyoruz.,We live in the same city.
adjectives,Biz geleneksel bir çorba içeriz.,We drink a traditional soup.
adjectives,Biz normal bir aile miyiz?,Are we a normal family?
adjectives,Bizim evimiz her zaman temiz.,Our house is always clean.
adjectives,Bizim çocuğumuz farklıdır.,Our child is different.
adjectives,Bu araba hiç ucuz değil.,This car is not cheap at all.
adjectives,Bu arabayı almak mümkün mü?,Is it possible to buy this car?
adjectives,Bu bahçede konuşmak yasaktır.,Talking is forbidden in this garden.
adjectives,Bu bardak hala kirli.,This glass is still dirty.
adverb,Ablam hep etek giyer.,My older sister always wears a skirt.
adverb,Artık içeriye kar yağıyor.,It is snowing inside now.
adverb,Artık eve seninle beraber gidiyorum.,I am going home with you now.
adverb,Aslında ben takım giyerim.,"Actually, I wear a suit."
adverb,Aslında ben seni çok seviyorum.,"Actually, I love you very much."
adverb,Aslında bu ev çok büyük.,"Actually, this house is very big."
adverb,Atımız yine hasta.,Our horse is sick again.
adverb,Avukat ondan daha aç.,The lawyer is hungrier than him/her.
adverb,Balıklar bile hastalar ama ben iyiyim.,Even the fish are sick but I am fine.
adverb,Bana göre bu adam yakışıklı.,"According to me, this man is handsome."
adverb,Bana göre bu elbise güzel değil.,"According to me, this dress is not beautiful."
adverb,Bazen gazete okurum.,Sometimes I read the newspaper.
adverb,Bazen portakal suyu içeriz.,Sometimes we drink orange juice.
adverb,Bazen tuzlu çorba içer.,Sometimes he drinks salty soup.
adverb,Ben bile süt içiyorum.,Even I am drinking milk.
adverb,Ben çoğunlukla etek giyerim.,I mostly wear a skirt.
adverb,Ben genellikle etek giyerim.,I generally wear a skirt.
adverb,Ben nadiren süt içerim.,I rarely drink milk.
adverb,Ben neredeyse her gün gazete okurum.,I read the newspaper almost every day.
adverb,Ben ondan daha mutluyum.,I am happier than him/her.
adverb,Ben seninle hep evdeyim.,I am always at home with you.
adverb,Benden daha büyük müsünüz?,Are you older than me?
adverb,Benim için yeterince iyi değilsin.,You are not good enough for me.
adverb,Benim bir erkek kardeşim bile yok.,I don't even have a brother.
adverb,Benim bir kedim bile yok.,I don't even have a cat.
adverb,Biz nadiren sütlü çay içeriz.,We rarely drink tea with milk.
adverb,Biz neredeyse her hafta balık yeriz.,We eat fish almost every week.
adverb,Bu etek kesinlikle çok büyük.,This skirt is definitely too big.
adverb,Bu ev en küçük ev.,This house is the smallest house.
adverb,Bu ev gerçekten büyük.,This house is really big.
aorist,Anneler çocukları için hep iyi şeyler umar.,Mothers always hope for good things for their children.
aorist,Ben çalışırım.,I work.
aorist,Ben evet derim.,I say yes.
aorist,"Ben genelde ev tasarlarım, araba değil.","I generally design houses, not cars."
aorist,Ben kediyi isterim.,I want the cat.
aorist,Ben kitabı yazarım.,I write the book.
aorist,Ben kitap kullanırım.,I use books.
aorist,Ben oynarım.,I play.
aorist,Ben sık sık telefonumu değiştiririm.,I often change my phone.
aorist,Ben yürürüm ve o yürür.,I walk and he walks.
aorist,Ben yüzerim ve o yüzer.,I swim and he swims.
aorist,Benim çocuklarım uyurlar.,My children sleep.
aorist,Biz kaplumbağaları isteriz.,We want the turtles.
aorist,Biz koşarız.,We run.
aorist,Biz oynarız.,We play.
aorist,Bu kitabı sana anlatırım.,I can/will explain this book to you.
aorist,Eti pişirirsin.,You cook the meat.
aorist,Evde seni destekleriz.,We support you at home.
aorist,"Evet, ben dinlerim.","Yes, I listen."
aorist,Görürüz.,We can/will see.
aorist,Her pazar bara giderim.,I go to the bar every Sunday.
aorist,Kadınlar dinlerler.,Women listen.
aorist,Kaplumbağa yürür ve köpek koşar.,The turtle walks and the dog runs.
aorist,Kaplumbağaları pişirirsin.,You cook the turtles.
aorist,Mart sırasında havuz soğuk olur.,The pool becomes cold during March.
aorist,O çalışır.,He works.
aorist,O elbise tasarlar.,He designs dresses.
aorist,O her yıl araba değiştirir.,He changes cars every year.
aorist,O her şeyi bilir.,He knows everything.
aorist,O kuşu görür.,He sees the bird.
art,Annem çok güzel bir resim yapıyor.,My mother is making a very beautiful painting.
art,Babamın gitarı çok eski.,My father's guitar is very old.
art,Ben ders çalışırken müzik dinlerim.,I listen to music while studying.
art,Ben gitar çalmak istiyorum.,I want to play the guitar.
art,Ben sinemada uyuyorum.,I am sleeping in the cinema.
art,Benim filmde önemli bir rolüm var.,I have an important role in the film.
art,Benimle dans etmek ister misin?,Do you want to dance with me?
art,Bu çok üzücü bir film.,This is a very sad film.
art,Bu yıl resim dersi almak istiyorum.,I want to take painting lessons this year.
art,Buraya yakın bir sinema var mı?,Is there a cinema near here?
art,Buz ve ateşin şarkısı.,A song of ice and fire.
art,Çarşamba sinemaya gidiyoruz.,We are going to the cinema on Wednesday.
art,Edebiyat bir sanattır.,Literature is an art.
art,Edebiyat onun hayata bakışını değiştirir.,Literature changes his perspective on life.
art,Eskiden sen bana Nazım Hikmet’in şiirlerini okurdun.,You used to read Nazım Hikmet's poems to me.
art,Fazıl Say meşhur bir piyanist.,Fazıl Say is a famous pianist.
art,Gitar çalmayı seviyor musun?,Do you like playing the guitar?
art,İşsizken evde hep televizyon izledim.,I always watched television at home while unemployed.
art,Küçük çocuk keman çalıyor.,The little child is playing the violin.
art,Kızım piyanist olmak istiyor.,My daughter wants to be a pianist.
business,Almanya'da en büyük endüstri ne?,What is the largest industry in Germany?
business,Altın benim!,The gold is mine!
business,Bankaya gidiyoruz.,We are going to the bank.
business,Benim hiç param yok.,I have no money at all.
business,Benim sağlık sigortam yok.,I don't have health insurance.
business,Bilgisayar ticareti yapmaya karar verdik.,We decided to do computer trade.
business,Bu altın saat çok pahalı.,This gold watch is very expensive.
business,Bu elbise kaç lira?,How many liras is this dress?
business,Bu evin masrafı hiç bitmiyor!,The expense of this house never ends!
business,Bu ürünler Almanya'dan geliyor.,These products come from Germany.
business,Bu yıl piyasada portakal yok.,There are no oranges on the market this year.
business,Bugün altı satış yaptım.,I made six sales today.
business,Bütçemiz ne kadar?,How much is our budget?
business,Ekonomi nasıl?,How is the economy?
business,Ekonomik krize kendimi hazırlamalıyım.,I must prepare myself for the economic crisis.
business,Firmada elli iki kişi çalışır.,Fifty-two people work at the firm.
business,Firmanın geliri son beş yılda gelişti.,The firm's income developed in the last five years.
business,Futbolcu olmak için uğraşsa çok para kazanacak.,"If he tries to be a football player, he will earn a lot of money."
business,Her ameliyatın riskleri vardır.,Every surgery has risks.
business,Kendi kendine yeni kelimeler üretiyor.,He is producing new words by himself/herself.
clothing,Adam siyah bir ayakkabı giyer.,The man wears a black shoe.
clothing,Ayakkabıları yeşil.,His shoes are green.
clothing,Barış’ın beyaz bir ceketi var.,Barış has a white jacket.
clothing,Ben turuncu bir elbise giyerim.,I wear an orange dress.
clothing,Benim kırmızı elbiselerim var.,I have red dresses.
clothing,Bizim rengarenk elbiselerimiz var.,We have colorful dresses.
clothing,Erkekler ve kadınlar mor ceketleri giyerler.,Men and women wear purple jackets.
clothing,Kışın ceket giyerim.,I wear a jacket in the winter.
clothing,Pazarları etek giyerim.,I wear a skirt on Sundays.
clothing,Sen öğleden sonra gömlek giyersin.,You wear a shirt in the afternoon.
clothing,Her gün takım elbise giyer.,He wears a suit every day.
clothing,Karımın şapkaları mavi.,My wife's hats are blue.
clothing,Birçok öğrenci pantolon giyer.,Many students wear pants.
clothing,Ablam hep etek giyer.,My older sister always wears a skirt.
clothing,Aslında ben takım giyerim.,"Actually, I wear a suit."
clothing,Ben çoğunlukla etek giyerim.,I mostly wear a skirt.
clothing,Ben genellikle etek giyerim.,I generally wear a skirt.
clothing,Bu etek kesinlikle çok büyük.,This skirt is definitely too big.
clothing,Özellikle kırmızı eteği istiyorum.,I especially want the red skirt.
clothing,Babaannesi mavi bir etek giyer.,His paternal grandmother wears a blue skirt.
clothing,Eski yeşil gömleğimi bulmak istiyorum.,I want to find my old green shirt.
clothing,O eteği bulmak çok zor.,Finding that skirt is very hard.
clothing,Mavi elbiseyi alalım mı?,Shall we buy the blue dress?
clothing,Annemin eteği siyahtı.,My mother's skirt was black.
clothing,Siyah eteğim çok ucuz.,My black skirt is very cheap.
clothing,Ucuz bir etek istiyorum.,I want a cheap skirt.
clothing,Ben hep ucuz elbiseler giyerim.,I always wear cheap dresses.
clothing,Üçüncü şapka benim.,The third hat is mine.
clothing,Anneannen gözlük takar.,Your maternal grandmother wears glasses.
clothing,Mavi gözlük takar.,He wears blue glasses.
colors,Adam siyah bir ayakkabı giyer.,The man wears a black shoe.
colors,Atlar yeşil değil.,The horses are not green.
colors,Ayakkabıları yeşil.,His shoes are green.
colors,Barış’ın beyaz bir ceketi var.,Barış has a white jacket.
colors,Ben turuncu bir elbise giyerim.,I wear an orange dress.
colors,Ben yeşil çay içerim.,I drink green tea.
colors,Benim adım kırmızı.,My name is Red.
colors,Benim kırmızı elbiselerim var.,I have red dresses.
colors,Beyaz kale.,White castle.
colors,Beyaz yoğurdu ben yerim.,I eat the white yogurt.
colors,Beyaz şarabı içeriz kırmızı eti yeriz.,We drink white wine and eat red meat.
colors,Biz renklerimiz sarı ve kahverengidir.,Our colors are yellow and brown.
colors,Bizim rengarenk elbiselerimiz var.,We have colorful dresses.
colors,Bu kuş rengarenk.,This bird is colorful.
colors,Erkekler ve kadınlar mor ceketleri giyerler.,Men and women wear purple jackets.
colors,Evin rengi kırmızı.,The color of the house is red.
colors,Gri atımız su içer.,Our gray horse drinks water.
colors,Günaydın mavi tavşan.,Good morning blue rabbit.
colors,Gri geceler.,Gray nights.
colors,"Hayır, onun fili kırmızı değil.","No, his elephant is not red."
colors,Kahverengi inek nerede?,Where is the brown cow?
colors,Kahve kahverengidir.,Coffee is brown.
colors,Kimin beyaz atı var?,Who has a white horse?
colors,kırmızı kuş evde uyuyor.,The red bird is sleeping at home.
colors,Kızlar turuncu kitabı okurlar.,The girls read the orange book.
colors,Mavi gözlük takar.,He wears blue glasses.
colors,Mor bir balık yerim.,I eat a purple fish.
colors,Mor menüyü okursun.,You read the purple menu.
colors,Nasılsın pembe kuşum?,How are you my pink bird?
colors,Neden turuncu kitabı okuyorsun?,Why are you reading the orange book?
conditional,Ateş yakarsan dikkatli olmalısın.,"If you light a fire, you must be careful."
conditional,Ateşi yaksaydın yumurtayı pişirir ve yerdik.,"If you had lit the fire, we would have cooked the egg and eaten it."
conditional,"Bana inanmıyorsan, gidebilirsin.","If you do not believe me, you can go."
conditional,Bana inanırsan sana yardım ederim.,"If you believe me, I will help you."
conditional,Bizim eve varırsa haber ver.,"If it/he reaches our house, let us know."
conditional,"Bu akşam buluşursak, sana çorba pişiririm.","If we meet tonight, I will cook soup for you."
conditional,Doktorum ile karşılaşsam ona teşekkür ederim.,"If I were to encounter my doctor, I would thank him/her."
conditional,Duo ile tanışsam çok mutlu olurum.,I would be very happy if I were to meet Duo.
conditional,Elleri yandıysa onu hastaneye götürmelisin.,"If his hands were burned, you must take him/her to the hospital."
conditional,Ellerime dokunursan kalbimi görebilirsin.,"If you touch my hands, you can see my heart."
conditional,"Ev yanıyorsa, su lazım.","If the house is burning, water is needed."
conditional,"Eğer beni onunla geçen yıl tanıştırsaydın, hayatım çok farklı olurdu.","If you had introduced me to him/her last year, my life would be very different."
conditional,Eğer bu hastalar için üzülürse o hastalar ondan daha çok üzgün olur.,"If he feels sorry for these patients, those patients will be sadder than him/her."
conditional,"Eğer Fransız bir adamla tanışırsam, onunla şarap içeceğim.","If I meet a French man, I will drink wine with him."
conditional,Eğer gece parkta bana dokunursa başka yere koşarım.,"If he touches me in the park at night, I will run elsewhere."
conditional,Eğer gençken seninle karşılaşsaydık hayat çok farklı olurdu.,"If we had encountered you when we were young, life would be very different."
conditional,Eğer onunla karşılaşsaydık ben onunla yemek yerdim.,"If we had encountered him/her, I would have eaten food with him/her."
conditional,Gazeteyi yaktıysan artık onu okuman imkansız.,"If you burned the newspaper, it is now impossible for you to read it."
conditional,Keşke burada olsaydın.,I wish you were here.
conditional,Keşke çocukken okulu değil oyunu seçseydim.,I wish I had chosen play instead of school when I was a child.
conjunctions,Ben ne elma yerim ne de portakal.,I eat neither apples nor oranges.
conjunctions,Biz yumurta yiyoruz çünkü yorgunuz.,We are eating eggs because we are tired.
conjunctions,Bu sizin için.,This is for you plural/formal.
conjunctions,Deniz hem mavi hem de yeşil.,The sea is both blue and green.
conjunctions,Doktorlar da geliyor.,The doctors are also coming.
conjunctions,Duo da işsiz.,Duo is also unemployed.
conjunctions,Duo da yeşil bir baykuş.,Duo is also a green owl.
conjunctions,Duo çok hasta çünkü çorbayı tuzlu içiyor.,Duo is very sick because he drinks the soup salty.
conjunctions,Elbise ya siyah ya da beyaz.,The dress is either black or white.
conjunctions,Elmaların ikisini de yiyorum.,I am eating both of the apples.
conjunctions,Emel ya bir öğretmen ya da bir öğrenci.,Emel is either a teacher or a student.
conjunctions,Kadınların ikisini de görüyorum.,I see both of the women.
conjunctions,Kediler hem su hem de süt içer.,Cats drink both water and milk.
conjunctions,Kedilerin ikisi de beyaz.,Both of the cats are white.
conjunctions,Kitap öğrenciler için.,The book is for students.
conjunctions,Kızların ikisi de güzel.,Both of the girls are beautiful.
conjunctions,Mesleğiniz ne?,What is your profession?
conjunctions,Mutlu değiller çünkü açlar.,They are not happy because they are hungry.
conjunctions,Müdür eve gidiyor o zaman ben de gidiyorum.,"The manager is going home, then I am going too."
conjunctions,O ne bir doktor ne de bir avukat.,He is neither a doctor nor a lawyer.
conjunctions,O ne burada ne de orada.,He is neither here nor there.
conjunctions,Onlar evlerin ikisini de alıyor.,They are buying both of the houses.
conjunctions,Onların ikisi de odada.,Both of them are in the room.
conjunctions,Ya bugün gel ya da yarın.,Either come today or tomorrow.
conjunctions,Yumurta yiyorum çünkü açım.,I am eating eggs because I am hungry.
conjunctions,Çay onun için.,The tea is for him/her.
conjunctions,Çünkü onun kuşları kırmızı.,Because his birds are red.
conjunctions,Çünkü onun kuşları ve kedileri var.,Because he has birds and cats.
copula,Sen gençsin ama güzel değilsin.,You are young but you are not beautiful.
copula,Ben Mutluyum.,I am happy.
copula,Çok güzelsiniz.,You are very beautiful.
copula,Gencim ve güzelim.,I am young and beautiful.
copula,Biz kadınız.,We are women.
copula,Ben iyiyim ama o değil.,I am fine but he is not.
copula,"Sen kadınsın, o erkek.","You are a woman, he is a man."
copula,Teşekkürler tokum.,"Thanks, I am full."
copula,Ben aç değilim.,I am not hungry.
copula,Ben erkeğim.,I am a man.
copula,Evet yakışıklısın.,"Yes, you are handsome."
copula,Kedi sakin değil.,The cat is not calm.
copula,Biz çocuğuz.,We are children.
copula,Yaşılıyız ve açız.,We are old and hungry.
copula,Sen toksun.,You are full.
copula,Benim adım Selcen.,My name is Selcen.
copula,Onların kitaplar.,Their books.
copula,Selcenin kuşu.,Selcen's bird.
copula,Makarnası.,His pasta.
copula,Kedinin suyu var.,The cat has water.
copula,Balıklar benim.,The fish are mine.
copula,Benim baykuşum tok.,My owl is full.
copula,Bizim sütümüz yok.,We do not have milk.
copula,Benim bir kedim yoktur.,I do not have a cat.
copula,Bizim bir köpeğimiz var.,We have a dog.
copula,Benim bir kuşum var.,I have a bird.
copula,Benim gazetem.,My newspaper.
copula,Yoktur.,There is none.
copula,Sana bir kitap okurum ama ona değil.,I can/will read a book to you but not to him/her.
copula,O ona bir gazete okur.,He reads a newspaper to him/her.
dative,Adam bankaya gidiyor.,The man is going to the bank.
dative,Bankaya gidiyoruz.,We are going to the bank.
dative,Bara gidiyorum.,I am going to the bar.
dative,Bir asır sonra.,A century later.
dative,Buraya gel.,Come here.
dative,Buraya geliyor.,He is coming here.
dative,Çocuk eve koşuyor.,The child is running home.
dative,Doğuya gidiyorum.,I am going to the east.
dative,Eski eve gel!,Come to the old house!
dative,Eve yürüyorum.,I am walking home.
dative,Eve gel!,Come home!
dative,Güneye yüzüyorum.,I am swimming to the south.
dative,Kedi oraya koşuyor.,The cat is running there.
dative,Kuşlar güneye gidiyor.,Birds are going south.
dative,Köpekler ofise gidiyor.,Dogs are going to the office.
dative,Neden bara geliyor?,Why is he coming to the bar?
dative,Ofise gidiyoruz.,We are going to the office.
dative,Okula git!,Go to school!
dative,Okuldan eve gidiyorum.,I am going from school to home.
dative,"Oraya değil, şuraya git!","Do not go there, go over there!"
dative,Parka gel!,Come to the park!
dative,Parka gelin.,Come to the park plural/formal.
dative,Şuraya yağmur yağıyor.,It is raining over there.
dative,Yarın buraya geliyoruz.,We are coming here tomorrow.
dative,Biz bankaya doğru koşuyoruz.,We are running towards the bank.
dative,Bu öğrenciler otele geliyor.,These students are coming to the hotel.
dative,Buradan bir adam güneye gidiyor.,A man is going south from here.
dative,Çocuklar parka geliyorlar.,The children are coming to the park.
dative,Doktor hastaneye geliyor.,The doctor is coming to the hospital.
dative,Doktorlar doğuya gidiyorlar.,The doctors are going to the east.
education,Açıklamayı okuyorum çünkü bu kelimenin anlamını bilmiyorum.,I am reading the explanation because I do not know the meaning of this word.
education,Alıştırma yapıyorum.,I am doing an exercise.
education,Amaç mutlu olmak.,The goal is to be happy.
education,Bana bir örnek ver!,Give me an example!
education,Bazı sınıflarda yetmiş öğrenci var.,There are seventy students in some classes.
education,Ben iş için bir konferansa gidiyorum.,I am going to a conference for work.
education,Benim amacım Türkçe konuşmak.,My goal is to speak Turkish.
education,Benim amacım Türkçe öğrenmek.,My goal is to learn Turkish.
education,Benim oğlum bir okulda coğrafya öğretiyor.,My son teaches geography at a school.
education,Bilgiye açız.,We are hungry for knowledge.
education,Bir örnek veriyorum.,I am giving an example.
education,Biyoloji bölümünde okuyorum.,I am studying in the biology department.
education,Biyoloji mi daha zor yoksa kimya mı?,Is biology harder or chemistry?
education,Biyoloji sınavı oldukça kolay.,The biology exam is quite easy.
education,Biz size Türkçe öğretiyoruz.,We are teaching you Turkish.
education,Bu alıştırma bir sınava benziyor.,This exercise resembles an exam.
education,Bu çalışmalar bizim için çok önemli.,These studies are very important for us.
education,Bu çalışmanın konusu ne?,What is the subject of this study?
education,Bu çok önemli bir konferans.,This is a very important conference.
education,Bu cümlede hata var.,There is a mistake in this sentence.
education,Bu ders çok uzun.,This lesson is very long.
education,Bu eğitim hangi konuda?,What is this training about?
education,Bu evrak çok önemli.,This document is very important.
education,Bu hafta ders programın nasıl?,How is your lesson schedule this week?
education,Bu hafta mutsuzum çünkü sekiz tane sınavım var.,I am unhappy this week because I have eight exams.
education,Bu kalem çok pahalı.,This pen is very expensive.
education,Bu kelime kaç harfli?,How many letters does this word have?
education,Bu kelimenin anlamını bilmiyorum.,I do not know the meaning of this word.
education,Bu kelimenin anlamı ne?,What is the meaning of this word?
education,Bu konuyu anlamıyor.,He does not understand this subject.
family,Abimin iki çocuğu var.,My older brother has two children.
family,Ablam okula gidiyor.,My older sister is going to school.
family,Ailemiz nerede?,Where is our family?
family,Ailenin kedisi siyah.,The family's cat is black.
family,"Adden, ben açım!","Adden, I am hungry!"
family,Anne ve baba.,Mother and father.
family,Annem ve babam evli.,My mother and father are married.
family,Annem babamın eşi.,My mother is my father's spouse.
family,Anneannen gözlük takar.,Your maternal grandmother wears glasses.
family,Benim ablam mühendis.,My older sister is an engineer.
family,Ben annemin oğluyum.,I am my mother's son.
family,Ben bekar değilim.,I am not single.
family,Ben evli değilim.,I am not married.
family,Ben evliyim.,I am married.
family,Ben karımı seviyorum.,I love my wife.
family,Benim babam doktor.,My father is a doctor.
family,Benim güzel bir ablam var.,I have a beautiful older sister.
family,Benim abim doktor.,My older brother is a doctor.
family,Eşim güzel.,My spouse is beautiful.
family,Biz bekarız ama tokuz.,We are single but full.
family,Biz evliyiz ve mutluyuz.,We are married and happy.
family,Halam denizde.,My paternal aunt is in the sea.
family,Halam güzel.,My paternal aunt is beautiful.
family,Halaların gidiyor.,Your paternal aunts are going.
family,Teyzelerin gidiyor.,Your maternal aunts are going.
family,Kardeşim gibisin.,You are like my sibling.
family,Karı koca.,Husband and wife.
family,Karımın şapkaları mavi.,My wife's hats are blue.
family,Kocam kitap okuyor.,My husband is reading a book.
family,O benim oğlum.,He is my son.
future,Annem benimle konuşacak.,My mother will talk to me.
future,Baban yarın çalışacak mı?,Will your father work tomorrow?
future,Bana bunu söyleyeceksin.,You will tell me this.
future,Ben beş saniye daha bekleyeceğim.,I will wait for five more seconds.
future,Ben çantanın içine bakacağım.,I will look inside the bag.
future,Ben daha fazla çay isteyeceğim.,I will want more tea.
future,Ben doktoru göreceğim.,I will see the doctor.
future,Ben doktor olacağım.,I will be a doctor.
future,Ben gazeteyi okuyacağım.,I will read the newspaper.
future,Ben kazanmak için buradayım ve kazanacağım.,I am here to win and I will win.
future,Ben ona kitabı yarın vereceğim.,I will give him/her the book tomorrow.
future,Ben seninle geleceğim.,I will come with you.
future,Ben seninle konuşacağım.,I will talk to you.
future,Ben seninle yürüyeceğim.,I will walk with you.
future,Ben yarın kazanacağım.,I will win tomorrow.
future,Benim teyzem bu gece balık yiyecek.,My maternal aunt will eat fish tonight.
future,Bir gün her şey bitecek.,One day everything will end.
future,Bir yıl içinde her şey değişecek.,Everything will change within a year.
future,"Bir yıl sonra, öğrenciler ingilizce bilecekler.","One year later, students will know English."
future,Biz biraz bahçede oturacağız.,We will sit in the garden for a bit.
future,Biz ne yiyeceğiz?,What will we eat?
future,Biz ona bir etek vereceğiz.,We will give her a skirt.
future,Biz oteli yarın göreceğiz.,We will see the hotel tomorrow.
future,Bugün ben daha fazla portakal suyu içeceğim.,I will drink more orange juice today.
future,Bugün ofiste çalışacağım.,I will work at the office today.
future,Bugün size Türk mutfağını sunacağım.,Today I will present Turkish cuisine to you plural/formal.
future,Bugün yemeği sen yapacaksın.,You will make the food today.
future,Bu bahçe değişecek.,This garden will change.
future,Bu kitabı yakında okuyacağım.,I will read this book soon.
future,Bunu artık Türkçe sunacağım.,I will present this in Turkish now.
gerunds_infinitives,Annenin sana bira içmek için izin vermesine izin vermiyorum.,I do not allow your mother to allow you to drink beer.
gerunds_infinitives,Annemin gelmesini istiyorum.,I want my mother to come.
gerunds_infinitives,Baban çay yapmanı istiyor.,Your father wants you to make tea.
gerunds_infinitives,Bakmama rağmen görmüyorum.,"Although I look, I do not see."
gerunds_infinitives,Ben kızımın Almanya’ya gitmesine izin vereceğim.,I will allow my daughter to go to Germany.
gerunds_infinitives,Ben onu yapmayı sevmiyorum.,I do not like doing that.
gerunds_infinitives,Ben pencere kenarında oturmayı seviyorum.,I like sitting by the window.
gerunds_infinitives,Benden nefret etmeni istemiyorum.,I do not want you to hate me.
gerunds_infinitives,Benim için beklemesini istemiyorum.,I do not want him/her to wait for me.
gerunds_infinitives,Bu gece eğlenmemiz gerekiyor!,We need to have fun tonight!
gerunds_infinitives,Bu kitabı onun sana vermesi lazım.,He needs to give this book to you.
gerunds_infinitives,"Bu çok uzun, yazman lazım.","This is very long, you need to write it."
gerunds_infinitives,Bunu dinlemen çok önemli.,It is very important that you listen to this.
gerunds_infinitives,Çok çalışmam lazım.,I need to work hard.
gerunds_infinitives,"Çok yorgunsun, dinlenmen lazım.","You are very tired, you need to rest."
gerunds_infinitives,Dans etmemi istiyor musun?,Do you want me to dance?
gerunds_infinitives,Dinlememi istiyor musun?,Do you want me to listen?
gerunds_infinitives,Doktor hastanın dinlenmesini istiyor.,The doctor wants the patient to rest.
gerunds_infinitives,Dün elma yemeyi unuttum.,I forgot to eat an apple yesterday.
gerunds_infinitives,Dün gece eğlenmeyi unuttum.,I forgot to have fun last night.
gerunds_infinitives,Dün yatmamama rağmen yorgun değilim.,"Although I did not lie down yesterday, I am not tired."
gerunds_infinitives,"Duo, diğer gözlüğü bana vermen lazım.","Duo, you need to give the other glasses to me."
gerunds_infinitives,Gitmem lazım.,I need to go.
gerunds_infinitives,Kutunun içine bakmadan önce izin al!,Get permission before looking inside the box!
gerunds_infinitives,O bahçede çalışmayı seviyor.,He likes working in the garden.
gerunds_infinitives,O gazeteyi okumaman lazım.,You should not read that newspaper.
gerunds_infinitives,O kitabı okuman lazım.,You need to read that book.
gerunds_infinitives,O zaman dans etmemiz lazım.,"In that case, we need to dance."
gerunds_infinitives,Ona yazmanı bekleyecek.,He will expect you to write to him/her.
gerunds_infinitives,Onun yarın buraya gelmesi lazım.,He needs to come here tomorrow.
health,Acil durumda polisi ara.,Call the police in case of emergency.
health,Ameliyat hangi hastanede?,In which hospital is the surgery?
health,Annemin ateşi var ve kusuyor.,My mother has a fever and is vomiting.
health,Ateşi çok yüksek.,His fever is very high.
health,Bardak kırıldı mı?,Did the glass break?
health,Başın ağrıyor mu?,Does your head hurt?
health,Ben ayaklarımla görüyorum.,I see with my feet.
health,Bende cilt kanseri vardı.,I had skin cancer.
health,Bende hangi hastalık var?,Which disease do I have?
health,Benim elim seninkinden küçük.,My hand is smaller than yours.
health,Benim sesim çok güzel.,My voice is very beautiful.
health,Benim vücudum seninkinden daha küçük.,My body is smaller than yours.
health,Birçok kişi o kazada öldü.,Many people died in that accident.
health,Bize bir ambulans lazım.,We need an ambulance.
health,Boyun kaç?,How tall are you?
health,Boğazım ağrıyor ve öksürüyorum.,My throat hurts and I am coughing.
health,Boğazım ağrıyor.,My throat hurts.
health,Bu acil bir durum.,This is an emergency.
health,Bu boy için bu kilo sağlıklı değil.,This weight is not healthy for this height.
health,Bu garsonun saçı siyah.,This waiter's hair is black.
health,Bu hastalık kanamaya neden olur.,This disease causes bleeding.
health,Bu hastalık onun nöbet geçirmesine neden olur.,This disease causes him/her to have a seizure.
health,Burnum akmıyor ama boğazım ağrıyor.,My nose is not running but my throat hurts.
health,"Burnum akıyor, tedavi gerekiyor.","My nose is running, treatment is needed."
health,Burnun akıyor mu?,Is your nose running?
health,Bütün vücudum ağrıyor.,My whole body hurts.
health,Canım acıyor!,It hurts!
health,Çiftçi kanserden öldü.,The farmer died of cancer.
health,Çocuklar ile o ilgilendi.,He took care of the children.
health,Dikkatli ol ki yaralanma!,Be careful so that you don't get hurt!
infinitive,Avukatımı görmek istiyorum.,I want to see my lawyer.
infinitive,Bazen kalmak istiyorum bazen gitmek.,"Sometimes I want to stay, sometimes I want to go."
infinitive,Bekçinin oğlu okumak yemek istemiyor.,The guard's son does not want to read or eat.
infinitive,Ben çoğunlukla restoranda yemek yerim.,I mostly eat food in a restaurant.
infinitive,Bir kitap yazmak istiyor.,He wants to write a book.
infinitive,Bir şey demek istemiyor.,He doesn't want to say anything.
infinitive,Bira içmekten nefret ediyorum.,I hate drinking beer.
infinitive,Bugün konuşmak yok.,No talking today.
infinitive,Buraden kediyi görmek zor.,It is hard to see the cat from here.
infinitive,Çok okumak mı daha iyi çok görmek mi?,Is reading a lot better or seeing a lot?
infinitive,Ekmek ve biraz peynir almak istiyorum.,I want to buy bread and some cheese.
infinitive,Ekmek yemek istiyorum.,I want to eat bread.
infinitive,Emel şimdi kahve içmek istiyor.,Emel wants to drink coffee now.
infinitive,Erkek kardeşim yazar olmak istiyor.,My brother wants to be a writer.
infinitive,Eski yeşil gömleğimi bulmak istiyorum.,I want to find my old green shirt.
infinitive,Ev almak artık çok zor!,Buying a house is very hard now!
infinitive,Fransızca konuşmak çok zor.,Speaking French is very hard.
infinitive,"Gitmek o kadar zor, kalmak sadece güzel.","Going is that hard, staying is just beautiful."
infinitive,Gitmek seni unutmak demek.,Going means forgetting you.
infinitive,Her gün pasta yemek senin için iyi değil.,Eating cake every day is not good for you.
infinitive,Her şeyi almak istiyor.,He wants to buy everything.
infinitive,Herkes pembe bir ada bulmak istiyor.,Everyone wants to find a pink island.
infinitive,Kadınlar konuşmak istiyorlar.,The women want to talk.
infinitive,"Kalmak iyi, gitmek zor.","Staying is good, going is hard."
infinitive,Kediler evde yazmak istemiyor.,The cats do not want to write at home.
infinitive,Konuşmak kolay ama aslında dinlemek zor.,Talking is easy but actually listening is hard.
infinitive,Nefret etmek iyi değildir.,To hate is not good.
infinitive,Nereye gitmek istiyoruz?,Where do we want to go?
infinitive,O eteği bulmak çok zor.,Finding that skirt is very hard.
infinitive,Ofise gitmek onu görmek demek.,Going to the office means seeing him/her.
interrogatives,Ne kadar sütümüz var?,How much milk do we have?
interrogatives,Bakkalda mısın?,Are you at the grocery store?
interrogatives,Bu kedi küçük mü?,Is this cat small?
interrogatives,Bekçi misiniz?,Are you the guard?
interrogatives,Benim kedim orada mı?,Is my cat there?
interrogatives,Büyük müsün?,Are you big?
interrogatives,Büyüğüm müsünüz?,Are you big?
interrogatives,"Duo, bu sen misin?","Duo, is this you?"
interrogatives,Evde misiniz?,Are you at home?
interrogatives,Eve mi gidiyorsun?,Are you going home?
interrogatives,"O, filin altında mı?",Is it under the elephant?
interrogatives,Geliyor musun?,Are you coming?
interrogatives,Güzel miyiz?,Are we beautiful?
interrogatives,Hasta mısınız?,Are you sick?
interrogatives,Kahve sütlü müdür?,Is the coffee with milk?
interrogatives,Kaptan mısınız?,Are you the captain?
interrogatives,Profesyonel miyiz?,Are we professional?
interrogatives,Sen tok musun?,Are you full?
interrogatives,Siz misiniz?,Is it you plural/formal?
interrogatives,Türk müyüm?,Am I Turkish?
interrogatives,Selcen müdür müdür?,Is Selcen the manager?
interrogatives,Ayşe evden mi geliyor yoksa okuldan mı?,Is Ayşe coming from home or from school?
interrogatives,Barda süt yoksa ben eve gidiyorum.,"If there is no milk at the bar, I am going home."
interrogatives,Ben restoranda et yiyor muyum?,Am I eating meat at the restaurant?
interrogatives,Ben seni seviyor muyum?,Do I love you?
interrogatives,Bu akşam evde miyiz?,Are we at home tonight?
interrogatives,Çay şekerli mi yoksa şekersiz mi?,Is the tea with sugar or without sugar?
interrogatives,Çayı sen yapıyor musun?,Are you making the tea?
interrogatives,"Çorba sütlüdür küçük müsün, büyük mü?",The soup is with milk; are you small or big?
interrogatives,Çorbayı yiyor muyuz yoksa içiyor muyuz?,Are we eating or drinking the soup?
interrogatives,Elmayı sen mi yiyorsun?,Are you eating the apple?
ki_relative,"Barış'ın annesi Türk, benimki Alman.","Barış's mother is Turkish, mine is German."
ki_relative,Ben görüyorum ki senin erkek kardeşlerin ders çalışıyorlar.,I see that your brothers are studying.
ki_relative,"Benim cevabım yanlış, onlarınki doğru.","My answer is wrong, theirs is correct."
ki_relative,Benim kedim siyah onlarınki kahverengi.,"My cat is black, theirs is brown."
ki_relative,"Benim pantolonum kırmızı, Duo'nunki yeşil.","My pants are red, Duo's are green."
ki_relative,Benim Türkçe öğretmenim kötü ama sizinki çok iyi.,My Turkish teacher is bad but yours is very good.
ki_relative,Bir sonraki konferans şu otelde.,The next conference is in that hotel.
ki_relative,Biz seninkini içeriz.,We drink yours.
ki_relative,"Bizim evimiz büyük, onunki nasıl?","Our house is big, how is hiss?"
ki_relative,Bizim evimiz ilerideki okulun arkasında.,Our house is behind the school ahead.
ki_relative,"Bizim evimiz İstanbul'da, onlarınki Ankara'da.","Our house is in Istanbul, theirs is in Ankara."
ki_relative,Bu akşamki sınava geliyor musun?,Are you coming to tonight's exam?
ki_relative,Bu ev seninkinden daha büyük.,This house is larger than yours.
ki_relative,"Bu kitap benim, onunki okulda.","This book is mine, hiss is at school."
ki_relative,Bu şişedeki su tuzlu!,The water in this bottle is salty!
ki_relative,Bugünkü gazeteyi okuyalım.,Let's read today's newspaper.
ki_relative,Bugünkü yemek çok güzel.,Today's food is very good.
ki_relative,Buradaki ev çok eski.,The house here is very old.
ki_relative,Buradaki öğrenciler oradakilerden daha iyi.,The students here are better than those there.
ki_relative,Buradaki şişedeki şarabı içiyoruz.,We are drinking the wine in the bottle here.
ki_relative,Dünkü konferansa gittin mi?,Did you go to yesterday's conference?
ki_relative,Dünkü Türkçe sınavı kolay değildi.,Yesterday's Turkish exam was not easy.
ki_relative,Dünkü yemek çok güzeldi.,Yesterday's food was very good.
ki_relative,"Duo diyor ki: ""Selam!"".","Duo says: ""Hello!""."
ki_relative,Hastanedeki adam çok uzun.,The man in the hospital is very tall.
ki_relative,Hastanedeki çocuklar mutlu değil.,The children in the hospital are not happy.
ki_relative,Hastanedeki doktorlar çok ciddi.,The doctors in the hospital are very serious.
ki_relative,İlerideki okulu görüyor musun?,Do you see the school ahead?
ki_relative,İstanbul Türkiye'deki en büyük şehir.,Istanbul is the largest city in Turkey.
ki_relative,İyi ki bugün yağmur yağmıyor.,It's a good thing it's not raining today.
locative,Alex Türkiye'de.,Alex is in Turkey.
locative,Ayasofya İstanbul'dadır.,Hagia Sophia is in Istanbul.
locative,Ayasofya'nın büyük bir bahçesi var.,Hagia Sophia has a large garden.
locative,Ayasofya’nın kuzeyinde çok müze var.,There are many museums in the north of Hagia Sophia.
locative,Bahçede kahvaltıdayım.,I am at breakfast in the garden.
locative,Bakkalda tuz var.,There is salt at the grocery store.
locative,Bakkaldasın.,You are at the grocery store.
locative,"Batıda, kediler limon yer.","In the west, cats eat lemons."
locative,Ben Havalimanında onlara kitap okurum.,I read books to them at the airport.
locative,"Ben kilisedeyim, sen neredesin?","I am in the church, where are you?"
locative,Ben mutfaktayım.,I am in the kitchen.
locative,Ben okuldayım.,I am at school.
locative,Benim kedim orada.,My cat is there.
locative,Bu mutfakta bir çocuk var.,There is a child in this kitchen.
locative,Burada bir okul var.,There is a school here.
locative,Burada bir postane var.,There is a post office here.
locative,Burasi Taksim Meydanı.,This is Taksim Square.
locative,Burası bir postane var.,There is a post office here.
locative,Camisi nerede?,Where is its mosque?
locative,Çocuklar okulda.,The children are at school.
locative,Denizde kaplumbağa yok.,There are no turtles in the sea.
locative,Doğu veya batı.,East or west.
locative,Duo güneyde.,Duo is in the south.
locative,Elli litre süt.,Fifty liters of milk.
locative,"Ev, kilisenin solunda.",The house is to the left of the church.
locative,Evdeyim.,I am at home.
locative,"Evet, kitaplar bende.","Yes, I have the books."
locative,Evin bir odası.,A room of the house.
locative,Fil postanede domatesi yer.,The elephant eats the tomato at the post office.
locative,Güneydan geliyorsun.,You are coming from the south.
narrative,Anlaşılan annem durumu biliyormuş.,"Apparently, my mother knew the situation."
narrative,Anlaşılan herkes ona iyi davranmış.,"Apparently, everyone treated him/her well."
narrative,Anlaşılan o kelimeyi Emel silmiş.,"Apparently, Emel deleted that word."
narrative,Anlaşılan sen beni özlemişsin.,"Apparently, you missed me."
narrative,"Ayşe dedi ki, sen onu ziyaret etmişsin.",Ayşe said that you visited him/her.
narrative,Bana dedi ki senin hakkında her şeyi biliyormuş.,He told me that he knew everything about you.
narrative,Dedi ki müdür ona çok iyi davranıyormuş.,He said that the manager was treating him/her very well.
narrative,"Dino, çok büyümüşsün!","Dino, you have grown so much!"
narrative,Gördüm ki kaplumbağayı iyi korumuş.,I saw that he protected the turtle well.
narrative,Görünüyor ki biriniz televizyonu kapatmışsınız.,It appears that one of you turned off the television.
narrative,Neden sanki onu hiç ziyaret etmemiş gibi davranıyorsun?,Why are you acting as if you have never visited him/her?
narrative,O kitabı kim korumuş?,Who protected that book?
narrative,Ona dedim ki o kelimeyi kuzenim silmiş.,I told him/her that my cousin deleted that word.
narrative,"Ona kim vurmuş, biliyor musun?",Do you know who hit him/her?
narrative,"Onu dün kim ziyaret etmiş, bilmiyorum.",I don't know who visited him/her yesterday.
narrative,Sanki büyümüş gibi konuşuyor.,He talks as if he has grown up.
narrative,Sanırım biri masayı silmiş.,I think someone wiped the table.
narrative,Sanırım çok fazla tuz eklemişsin.,I think you added too much salt.
narrative,"Selcen dedi ki, kapıyı Emel kapatmış.",Selcen said that Emel closed the door.
narrative,Yunanistan'dayken Türkiye'yi çok özlemiş.,He missed Turkey a lot while in Greece.
nationalities,Alex Alman mı yoksa Fransız mı?,Is Alex German or French?
nationalities,Alex biraz Yunanca biliyor.,Alex knows a little Greek.
nationalities,Almanlar otelde.,The Germans are at the hotel.
nationalities,Alman bayrağında üç renk var.,There are three colors on the German flag.
nationalities,Alman mısınız?,Are you German?
nationalities,Almanya yeşil bir ülkedir.,Germany is a green country.
nationalities,Almanya ile Fransa ülkedir.,Germany and France are countries.
nationalities,Almanya’da üç milyon Türk var.,There are three million Turks in Germany.
nationalities,Almanlar birayı seviyorler.,Germans love beer.
nationalities,Amcam Macarca öğretmeni.,My uncle is a Hungarian teacher.
nationalities,"Amerika batıda, Fransa güneyde.","America is in the west, France is in the south."
nationalities,Amerika büyük bir ülkedir.,America is a large country.
nationalities,Amerikan baykuşum çok aç.,My American owl is very hungry.
nationalities,Amerikanlar nerede?,Where are the Americans?
nationalities,Ben Yunanıstan’a gidiyorum.,I am going to Greece.
nationalities,Arap mısın yoksa Türk müsün?,Are you Arab or Turkish?
nationalities,Arapça bir gazete alıyorum.,I am buying an Arabic newspaper.
nationalities,Arnavut musun?,Are you Albanian?
nationalities,Arap atları çok güzel.,Arabic horses are very beautiful.
nationalities,Babam Türkleri seviyor.,My father loves the Turks.
nationalities,Baban Hintçe biliyor mu?,Does your father know Hindi?
nationalities,Ben Azeri’yim.,I am Azeri.
nationalities,Ben Hintliyim.,I am Indian.
nationalities,Sen Hintlisin.,You are Indian.
nationalities,O Hintli.,He is Indian.
nationalities,Ben kuş dili bilmiyorum.,I do not know bird language.
nationalities,Ben İngiltereliyim.,I am from England.
nationalities,Ben Alman değilim ingilizim.,"I am not German, I am English."
nationalities,"Benim annem Kürt, babam Türk.","My mother is Kurdish, my father is Turkish."
nationalities,Benim dedem iranli.,My grandfather is Iranian.
nationalities,Sen Hintçe kitap okursun.,You read Hindi books.
nature,Abim çevre mühendisi.,My brother is an environmental engineer.
nature,Anneler günü için çocuklarım bana lale aldı.,My children bought me tulips for Mother's Day.
nature,Ay güneşten daha küçüktür.,The moon is smaller than the sun.
nature,Ay'da hava yoktur.,There is no air on the moon.
nature,Bahçede uzun ağaçlar var.,There are tall trees in the garden.
nature,Ben bu gezegende yalnızım.,I am alone on this planet.
nature,Ben doğayı severim.,I love nature.
nature,Ben şu bölgede üç tane fil gördüm.,I saw three elephants in that region.
nature,Biz iklim hakkında konuşuyoruz.,We are talking about the climate.
nature,Bu bizim gezegenimizden değildir.,This is not from our planet.
nature,Bu bölgede her tür çiçek var.,There are all kinds of flowers in this region.
nature,Bu nehrin suyu çok temiz.,The water of this river is very clean.
nature,Bugün güneşsiz bir gün.,Today is a sunless day.
nature,Çevreyi temiz tutmak zorundayız!,We have to keep the environment clean!
nature,Dünya Ay'dan daha büyüktür.,The world is larger than the moon.
nature,Evrende yalnız mısın?,Are you alone in the universe?
nature,Gökyüzü neden siyah?,Why is the sky black?
nature,Güneyde hava daha iyidir.,The weather is better in the south.
nature,Hava bugün çok rüzgarlı.,The weather is very windy today.
nature,Hava dün çok iyiydi.,The weather was very good yesterday.
nature,"Hayat, evren ve her şey","Life, the universe, and everything."
nature,İlkbaharda İstanbul’da laleler vardır.,There are tulips in Istanbul in the spring.
nature,Kırmızı ışıkta durdu.,He stopped at the red light.
nature,Kış rüzgarları.,Winter winds.
nature,Neden bana taş atıyorsun?,Why are you throwing stones at me?
negation,Annem Türkçe bilmiyor.,My mother does not know Turkish.
negation,Annem bugün eve gelmiyor.,My mother is not coming home today.
negation,Annem ve baban onu istemiyor.,My mother and your father do not want it.
negation,Aslında Emel çok fazla kahve içmiyor.,"Actually, Emel does not drink too much coffee."
negation,At bugün et yemiyor.,The horse is not eating meat today.
negation,Babam ingilizce bilmiyor.,My father does not know English.
negation,Beni neden istemiyorsunuz?,Why do you not want me?
negation,Beni neden sevmiyorsun?,Why do you not love me?
negation,Bira içmiyoruz şarap içiyoruz.,"We are not drinking beer, we are drinking wine."
negation,"Biz buradayız, gitmiyoruz.","We are here, we are not going."
negation,Bu elbiseyi almıyorum.,I am not buying this dress.
negation,Bu kahve fazla sütlü değil.,This coffee is not too milky.
negation,Bu mutfakta pasta yapmıyorlar.,They do not make cake in this kitchen.
negation,Bu kedi süt içmiyor.,This cat does not drink milk.
negation,Bu oteli istemiyorlar.,They do not want this hotel.
negation,Bunu onlar yapmıyor.,They are not doing this.
negation,Çayı neden içmiyorsun.,Why aren't you drinking the tea?
negation,Evde kedi istemiyor.,He does not want a cat in the house.
negation,"Güle Güle, ben seninle gelmiyorum.","Goodbye, I am not coming with you."
negation,"Hayır, annem kız kardeşimi benden daha çok sevmiyor.","No, my mother does not love my sister more than me."
negation,"Hayır, biz artık yemiyoruz.","No, we are not eating anymore."
negation,"Hayır, kuşlar gazete yazmıyorlar.","No, birds do not write newspapers."
negation,Henüz bir ev almıyoruz.,We are not buying a house yet.
negation,Henüz gece değil.,It is not night yet.
negation,Henüz kar yağmıyor.,It is not snowing yet.
negation,Hiçbir şey görmüyorum.,I see nothing.
negation,"Hiçbir şey bilmiyorsun, Jon Snow.","You know nothing, Jon Snow."
negation,Kar da yağmur da yağmıyor.,It is neither snowing nor raining.
negation,Kar yağmıyor.,It is not snowing.
negation,Kuşlar henüz burada değil.,The birds are not here yet.
numbers,Dört köpeğimiz var.,We have four dogs.
numbers,Beş fil.,Five elephants.
numbers,Yaşındasın.,You are age years old.
numbers,Bir kere.,Once.
numbers,Iki kere.,Twice.
numbers,Sayılar nerede?,Where are the numbers?
numbers,Iki elma yeterli.,Two apples are enough.
numbers,Kaç sayı var.,How many numbers are there?
numbers,Benim iki kedim ve beş balığım var.,I have two cats and five fish.
numbers,Çocukların yüzde kırkı elma yer.,Forty percent of the children eat apples.
numbers,Toplam üç kedim var.,I have three cats in total.
numbers,Kırk iki tane köpek var.,There are forty-two dogs.
numbers,Altmış iki yaşındayım.,I am sixty-two years old.
numbers,Bu hangi sayı?,Which number is this?
numbers,Senin yüzde kaçın su.,What percent of you is water?
numbers,Onun toplam iki ördeği.,He has two ducks in total.
numbers,Çoğunluk iki çocuğu var.,The majority has two children.
numbers,Yirmi sekiz tane var.,There are twenty-eight of them.
numbers,Kaç tane sıfır var.,How many zeros are there?
numbers,Adam yetmiş yaşinda.,The man is seventy years old.
numbers,Onun yaşı kaç?,How old is he?
numbers,Kırkın yarısı yirmi.,Half of forty is twenty.
numbers,Doktorlarin yüzde altmışı erkek.,Sixty percent of the doctors are male.
object_participle,Almanya'da kaybettiği cüzdanı Alman polisi bulmak zorunda.,The German police must find the wallet he lost in Germany.
object_participle,Anlaşılan onların düzenlediği konferansa gidiyor.,"Apparently, he is going to the conference they organized."
object_participle,"Belki bizim için gönderdiği portakal daha gelmedi, bilmiyorum.",Maybe the orange he sent for us hasn't arrived yet; I don't know.
object_participle,Ben nerede olduğumu biliyorum.,I know where I am.
object_participle,Benim sevdiğim adam o.,He is the man I love.
object_participle,Beraber sınava çalışmayı kabul ettiğini söyledi.,He said that he accepted studying for the exam together.
object_participle,Bu arabayı kiraladığımda gençtim.,I was young when I rented this car.
object_participle,Bu benim babamın doğduğu köy.,This is the village where my father was born.
object_participle,Eve ulaştığında bize haber ver!,Let us know when you reach home!
object_participle,Hastaneye ulaştığımda doktoru gördüm.,"When I reached the hospital, I saw the doctor."
object_participle,Hayvanat bahçesine gittiğinde baykuşları ziyaret et.,Visit the owls when you go to the zoo.
object_participle,Kabul ettiğini söyledi.,He said that he accepted.
object_participle,Makas ile elbiseyi kestiğim için o üzüldü.,He was saddened because I cut the dress with scissors.
object_participle,Öğretmen senin ödevlerini yapmadığını söyledi.,The teacher said that you didn't do your homework.
object_participle,Politikacılar sandığımızdan çok daha fazla rüşvet alıyorlar.,Politicians take much more bribes than we think.
object_participle,Rengine göre düzenlediğim kitapları al.,Take the books that I arranged according to color.
object_participle,Sağlıklı olmak için içmeyi kestiği birayı özlemiş.,He missed the beer he stopped drinking to be healthy.
object_participle,Sevdiklerimizden yardım isteyeceğiz.,We will ask for help from those we love.
object_participle,Sevdiğin şeyi yapmalısın.,You must do the thing you love.
object_participle,Seyahat etmek için uçağa sahip olmak gerekmiyor.,One doesn't need to own an airplane to travel.
objects,Akşam yemeği masanın üzerinde.,Dinner is on top of the table.
objects,Anahtarlar masanın üzerindedir.,The keys are on the table.
objects,Ayakkabı kutusu.,Shoe box.
objects,Aşçı bıçağı kullanıyor.,The cook is using the knife.
objects,Bekçinin sandalyesi yok.,The guard does not have a chair.
objects,Benim şemsiyem yok.,I do not have an umbrella.
objects,Ben gazeteyi cep telefonumdan okurum.,I read the newspaper from my mobile phone.
objects,Ben çatıda bir kuş görüyorum.,I see a bird on the roof.
objects,Benim anahtarım bende değil.,I do not have my key.
objects,Benim anahtarım yok.,I do not have a key.
objects,Benim cüzdanım onda.,He has my wallet.
objects,Benim makasım ceketimin içinde.,My scissors are inside my jacket.
objects,Benim yatağım ve giysilerim mavi.,My bed and my clothes are blue.
objects,Benim şemsiyemin altına gel!,Come under my umbrella!
objects,Bilgisayar masanın üzerinde.,The computer is on the table.
objects,Bir bardak su lütfen.,A glass of water please.
objects,Bir kaşık şeker yeterli.,A spoon of sugar is enough.
objects,Bir fincan şekersiz Türk kahvesi lütfen.,A cup of unsweetened Turkish coffee please.
objects,Bir masa lambası almak istiyorum.,I want to buy a table lamp.
objects,Bir radyom ve bir bilgisayarım var.,I have a radio and a computer.
objects,Bir tencere makarna.,A pot of pasta.
objects,Bir şişe su lütfen.,A bottle of water please.
objects,Biz pencereye doğru koşuyoruz.,We are running towards the window.
objects,Biz çatının üzerindeyiz.,We are on top of the roof.
objects,Bizim kanepemiz sarı.,Our sofa is yellow.
objects,Bizim beyaz çarşafımız var mı?,Do we have white sheets?
objects,Bu benim en büyük çantam.,This is my largest bag.
objects,Bu beyaz fincanlar çok güzel!,These white cups are very beautiful!
objects,Bu duvar çok eski.,This wall is very old.
objects,Bu kimin radyosu?,Whose radio is this?
obligation,Beklemek zorundaydık.,We had to wait.
obligation,"Benden nefret etmemelisin, ben iyi bir insanım.",You should not hate me; I am a good person.
obligation,Beni o yeni restorana götürmelisin!,You must take me to that new restaurant!
obligation,Bira içmeyi bırakmalıyım.,I must stop drinking beer.
obligation,Biz devam etmek zorundayız!,We have to continue!
obligation,Bu elmayı yemek zorunda değilsin.,You do not have to eat this apple.
obligation,Dikkat etmelisin!,You must be careful!
obligation,Doğum günün için pasta hazırlamalıyım.,I must prepare a cake for your birthday.
obligation,En iyi öğrenci olmalıyım!,I must be the best student!
obligation,İşsizken okula devam etmeyi istiyorum.,I want to continue school while unemployed.
obligation,Misafirler için kahve yapmalıyım.,I must make coffee for the guests.
obligation,"O, onu yapmamalı.",He should not do that.
obligation,Onu bırakmalıydınız.,You should have left it.
obligation,Öğrenciler derse katılmalı.,Students must participate in the lesson.
obligation,Siz konferansa katılmalıydınız.,You should have attended the conference.
obligation,Yarınki yolculuk için bavulumu hazırlamalıyım.,I must prepare my suitcase for tomorrow's journey.
ordinals,Ağustos yılın sekizinci ayı.,August is the eighth month of the year.
ordinals,Banka beşinci katta.,The bank is on the fifth floor.
ordinals,Ben birinciyim.,I am the first.
ordinals,Ben dördüncüyüm.,I am the fourth.
ordinals,Ben ikinci doktorum.,I am the second doctor.
ordinals,Ben sekizinci elmayı yiyorum.,I am eating the eighth apple.
ordinals,Ben yedinci çocuğum.,I am the seventh child.
ordinals,Bininci odada ne var?,What is in the thousandth room?
ordinals,Birinci miyiz?,Are we first?
ordinals,Birinci kattayım.,I am on the first floor.
ordinals,Bu benim yedinci eteğim.,This is my seventh skirt.
ordinals,Bu altıncı evimiz.,This is our sixth house.
ordinals,Bu kez mutluyum.,This time I am happy.
ordinals,Bu otelin bininci odasi.,This is the thousandth room of this hotel.
ordinals,Bu sizin beşinci köpeğiniz mi?,Is this your fifth dog?
ordinals,Bu Türkiye'nin ilk camisi.,This is Turkey's first mosque.
ordinals,Bugün altıncı kez yağmur yağıyor.,It is raining for the sixth time today.
ordinals,Buraya onuncu kez geliyoruz.,We are coming here for the tenth time.
ordinals,Cumartesi haftanın altıncı günü.,Saturday is the sixth day of the week.
ordinals,Dokuzuncu kedi nerede?,Where is the ninth cat?
ordinals,Dokuzuncu kitabı mı alıyorsun?,Are you buying the ninth book?
ordinals,Dördüncü ördek nerede?,Where is the fourth duck?
ordinals,Dördüncü portakal senin.,The fourth orange is yours.
ordinals,Fil kaçıncı evde?,Which house number is the elephant in?
ordinals,İkinci kızımın adı Emel.,My second daughter's name is Emel.
ordinals,Kaçıncı durakta iniyorsun?,At which stop are you getting off?
ordinals,Müze kaçıncı katta?,On which floor is the museum?
ordinals,O İran’ın ilk kalesi.,That is Iran's first castle.
ordinals,O Selcen'in ilk kedisi.,That is Selcen's first cat.
ordinals,O senin beşinci oğlun.,He is your fifth son.
passive,Akşam yemeği için masa kuruldu.,The table was set for dinner.
passive,Akşam için kaç şişe şarap alındı?,How many bottles of wine were bought for the evening?
passive,Barışın değeri bilinmiyor.,The value of peace is not known.
passive,Bu kitabın yazarı bilinmiyor.,The author of this book is unknown.
passive,Burada hiç kuş görülmez.,No birds are ever seen here.
passive,Buraya son on yılda ilk kez kar yağdığı söyleniyor.,It is said that it snowed here for the first time in the last ten years.
passive,Buraya yeni bir restoran açılmış.,A new restaurant has been opened here.
passive,Geçen yıllarda bazı üzücü olaylar yaşandı.,Some sad events were experienced in the past years.
passive,Hırsız ne zaman bulunacak?,When will the thief be found?
passive,İyi bir futbolcu bulunmak zorunda.,A good football player must be found.
passive,Kurallar neden uygulanmıyor?,Why are the rules not being applied?
passive,Müdür dedi ki okula yeni bir bilgisayar alınmış.,The manager said that a new computer was bought for the school.
people,Ankara'da çok hırsız var mı?,Are there many thieves in Ankara?
people,Bebek süt içer.,The baby drinks milk.
people,Ayşe Hanım da geliyor mu?,Is Ms. Ayşe coming too?
people,Ben bir bireyim.,I am an individual.
people,Ben bir Türk vatandaşıyım.,I am a Turkish citizen.
people,Ben şahidim kurban değilim.,"I am a witness, not a victim."
people,Benim arkadaşım Almanya’da.,My friend is in Germany.
people,Benim komşum her sabah gazete okur.,My neighbor reads the newspaper every morning.
people,Bir grup insan şu otele gidiyor.,A group of people is going to that hotel.
people,Biz de kurbanız.,We are victims too.
people,Bu grubun kaç üyesi var?,How many members does this group have?
people,Bizim evimiz komşuların evinden daha büyük.,Our house is larger than the neighbors' house.
people,Bu hanımefendi kim?,Who is this lady?
people,Bu mahallede otuz tane satıcı var.,There are thirty sellers in this neighborhood.
people,Bu şehir beni istemiyor.,This city does not want me.
people,Bu yolcu nereye gidiyor?,Where is this passenger going?
people,Bu şehirde gezmek istiyorum.,I want to travel in this city.
people,Burada her birey mutlu.,Every individual here is happy.
people,Burasi misafir odası.,This is the guest room.
people,Çocuklar uyuyor ve yetişkinler şarap içiyor.,The children are sleeping and the adults are drinking wine.
people,Çocuklar yetişkin değildir.,Children are not adults.
people,Düşmanımın düşmanı arkadaşımdır.,The enemy of my enemy is my friend.
people,Emel Hanım kızımın öğretmeni.,Ms. Emel is my daughter's teacher.
people,Eski üyeler burada değil.,The old members are not here.
people,Evde çok misafir var.,There are many guests at home.
people,Evde hırsız var.,There is a thief in the house.
people,Fransız halkı Fransızca biliyor.,The French people know French.
people,Halk kadınları seviyor.,The people love the women.
people,"Hoş geldiniz, Kaan Bey!","Welcome, Mr. Kaan!"
people,"Hayır, Ankara’da hiç hırsız yok.","No, there are no thieves at all in Ankara."
politics,"Bana göre, şu erkekler tutuklanacak!","According to me, those men will be arrested!"
politics,"Barış, sadece bir kelime değildir!",Peace is not just a word!
politics,Başbakan çorba sevmez.,The prime minister does not like soup.
politics,Belediye başkanı.,The mayor.
politics,Belediye nerede?,Where is the municipality?
politics,"Ben bu partinin lideriyim, sen sadece bir üyesin.",I am the leader of this party; you are just a member.
politics,Bu en iyi parti.,This is the best party.
politics,Bu fare tutuklanmalı!,This mouse must be arrested!
politics,Bu hükümette kaç tane bakan var?,How many ministers are in this government?
politics,Bu kimin görevi?,Whose duty is this?
politics,Bu milletvekili iyi.,This member of parliament is good.
politics,Bu milletvekilinin bir görevi var mı?,Does this member of parliament have a duty?
politics,Bu seçimde oyumu ona vermeyeceğim.,I will not give my vote to him/her in this election.
politics,Bu valinin görevi mi yoksa belediye başkanının mı?,Is it the governor's duty or the mayor's?
politics,Bunlar onun iddiaları.,These are his claims.
politics,Cumhurbaşkanı nerede?,Where is the president?
politics,Dava için oraya gidiyorum.,I am going there for the lawsuit/case.
politics,Devlet halkı korumak için vardır.,The state exists to protect the people.
politics,Devlet okulu mu yoksa özel okul mu?,State school or private school?
politics,Devlet önemlidir.,The state is important.
politics,Gerçekten politikacı olmak istiyor musun?,Do you really want to be a politician?
politics,Her seçimde oy vermen lazım.,You need to vote in every election.
politics,Hükümet halka hizmet etmek için vardır.,The government exists to serve the people.
politics,İki kişi tutuklanacak.,Two people will be arrested.
politics,İyi bir politikacı lazım.,A good politician is needed.
politics,Kadınların güvenliği çok önemlidir.,The safety of women is very important.
politics,Kim başbakan olacak?,Who will be the prime minister?
politics,Mecliste hiç kedi var mı?,Are there any cats in the parliament?
politics,Mecliste kaç tane milletvekili var?,How many members of parliament are in the assembly?
politics,O ülkenin yaşlı bir lideri var.,That country has an old leader.
possibility,Anlayabiliyor musun?,Can you understand?
possibility,Balıkları kurtarabiliriz.,We can save the fish.
possibility,Başbakan belki bunu hastanede açıklayabilirdi.,Maybe the prime minister could have explained this at the hospital.
possibility,Bebek bütün gece ağlayabilir.,The baby might cry all night.
possibility,Belki bunu kendim yapabilirdim.,Maybe I could have done this myself.
possibility,"Ben tuvaletteyim, kapıya sen bakabilir misin?","I am in the bathroom, can you look at the door?"
possibility,Ben yemek yapabilirim.,I can make food.
possibility,Benimle kaçabilirsin.,You can escape with me.
possibility,Biz sadece beraber gülebiliriz.,We can only laugh together.
possibility,Bu arabayı bana satabilirsin.,You can sell this car to me.
possibility,Bu otelden bir oda ayırtabiliriz.,We can reserve a room from this hotel.
possibility,Bu otobüs çok eski satamazsın.,"This bus is very old, you cannot sell it."
possibility,Burada ağlayamazsın!,You cannot cry here!
possibility,Buradan kurtulabilmek zor.,It is hard to be able to escape from here.
possibility,Çabuk hazırlanabilir misin?,Can you get ready quickly?
possibility,Cevabı hatırlayamadın.,You could not remember the answer.
possibility,Çocuk okula yalnız gidebilir.,The child can go to school alone.
possibility,"Çok açım, bir atı bile yiyebilirim.","I am very hungry, I can even eat a horse."
possibility,Daha ne kadar dayanabilirim?,How much longer can I endure?
possibility,"Doktor ""her gün üç fincan kahve içebilirsin"" dedi.","The doctor said ""you can drink three cups of coffee every day."""
possibility,Dün senden kaçabildim.,I was able to escape from you yesterday.
possibility,Duruma başka bir taraftan bakabiliriz.,We can look at the situation from another side.
possibility,En küçük insan bile geleceği değiştirebilir.,Even the smallest human can change the future.
possibility,Eve kadar yürüyebilir misin?,Can you walk to the house?
possibility,Gelebilirdik.,We could have come.
possibility,Her şeyi açıklayabilirim!,I can explain everything!
possibility,Herkesi kurtaramazsın.,You cannot save everyone.
possibility,Konuşabildim.,I was able to speak.
possibility,Kırmızı elmayı yiyemez.,He cannot eat the red apple.
possibility,On sekiz yaşından büyük kişiler şarap içebilir.,Persons over eighteen years old can drink wine.
post_positions,Akşam yemeği sırasında geliyoruz.,We are coming during dinner.
post_positions,Arkanda bir inek var.,There is a cow behind you.
post_positions,Ayakkabılar hariç.,Except for the shoes.
post_positions,"Baykuşlar kahverengidir, Duo hariç.","Owls are brown, except for Duo."
post_positions,Ben senin arkandayım.,I am behind you.
post_positions,Ben senin gibiyim.,I am like you.
post_positions,Ben senin yanındayım.,I am beside you.
post_positions,Biz İstanbul’un dışında koşuyoruz.,We are running outside of Istanbul.
post_positions,Bu onun hakkında bir kitap.,This is a book about him/her.
post_positions,Burası evin dışında bahçenin içinde.,"This place is outside the house, inside the garden."
post_positions,Çilek şekerin içinde.,The strawberry is inside the sugar.
post_positions,"Duo gibi kuş, İstanbul gibi ev yok.","There is no bird like Duo, no house like Istanbul."
post_positions,Dışarıdan geliyorum.,I am coming from outside.
post_positions,Dışarıya gel.,Come outside.
post_positions,Elma gibi bir meyve.,A fruit like an apple.
post_positions,Etek ayakkabının üzerinde.,The skirt is on top of the shoe.
post_positions,Ev kar altinda.,The house is under the snow.
post_positions,Evimiz deniz kenarında.,Our house is by the seaside.
post_positions,Evin önünde bekliyorum.,I am waiting in front of the house.
post_positions,Evin üstünde kuşlar var.,There are birds on top of the house.
post_positions,Gazeteler kitabın kenarında.,The newspapers are at the edge of the book.
post_positions,İstasyon benim arkamda.,The station is behind me.
post_positions,İçeriden dışarıya.,From inside to outside.
post_positions,İçeriye gel ve çorba iç.,Come inside and drink soup.
post_positions,Kahve kitabın altında.,The coffee is under the book.
post_positions,Kedi bahçenin içinde.,The cat is inside the garden.
post_positions,Kedi dışarıya çıkıyor.,The cat is going outside.
post_positions,Kedi evin dışına çıkıyor.,The cat is going outside the house.
post_positions,Kedinin önünde yemeği var.,The cat has its food in front of it.
post_positions,Kimin hakkında.,About whom.
present_continuous,Adam tavuğu istiyor.,The man wants the chicken.
present_continuous,Alex restoranda uyuyor.,Alex is sleeping in the restaurant.
present_continuous,Bana bunu neden söylüyorsun.,Why are you telling me this?
present_continuous,Bana gözlük al!,Buy me glasses!
present_continuous,Ben bir elma yiyorum.,I am eating an apple.
present_continuous,Ben görüyorum.,I see.
present_continuous,Ben seni istiyorum.,I want you.
present_continuous,Ben seni tanıyorum.,I know you.
present_continuous,Beni sev!,Love me!
present_continuous,"Bende iki tane var, ben dört tane istiyorum.","I have two, I want four."
present_continuous,Biliyorum sen beni seviyorsun.,I know you love me.
present_continuous,Biz bir kitap yazıyoruz ve siz bir gazete yazıyorsunuz.,We are writing a book and you are writing a newspaper.
present_continuous,Biz bu adamı tanıyoruz.,We know this man.
present_continuous,Biz bu kitabı biliyoruz.,We know this book.
present_continuous,Biz domatesi yiyoruz.,We are eating the tomato.
present_continuous,Bu hayvanlar neden koşuyor?,Why are these animals running?
present_continuous,Çocuklar gidiyor pasta yiyorlar.,The children are going and eating cake.
present_continuous,Çocuk adamı görüyor.,The child sees the man.
present_continuous,Diyoruz.,We say.
present_continuous,Garsonu bekliyoruz.,We are waiting for the waiter.
present_continuous,Geliyorsunuz.,You are coming.
present_continuous,"Hayır, yağmur değil, kar yağıyor.","No, it is not raining; it is snowing."
present_continuous,Kaplumbağa tavşanı bekliyor.,The turtle is waiting for the rabbit.
present_continuous,Kaplumbağam ve ben yüzüyoruz.,My turtle and I are swimming.
present_continuous,Kedi uyuyor.,The cat is sleeping.
present_continuous,Kitabı biz okuyoruz.,We are reading the book.
present_continuous,Köpek geliyor.,The dog is coming.
present_continuous,Köpek nereye gidiyor?,Where is the dog going?
present_continuous,Kuş elmayı yiyor.,The bird is eating the apple.
present_continuous,Kedi süt içiyor.,The cat is drinking milk.
quantifiers,Adada güzel kızlar yok.,There are no beautiful girls on the island.
quantifiers,Adada hiç güzel kız yok.,There are no beautiful girls at all on the island.
quantifiers,Bahçede hiçbir şey yok.,There is nothing in the garden.
quantifiers,Bahçede herhangi bir şey yok.,There is not anything in the garden.
quantifiers,Bazı evler küçüktür.,Some houses are small.
quantifiers,Bazı elmalar yeşildir.,Some apples are green.
quantifiers,Bazı kadınlar güzeller.,Some women are beautiful.
quantifiers,Biraz açım.,I am a little hungry.
quantifiers,Biraz bira iç!,Drink a little beer!
quantifiers,Birkaç iyi adam.,A few good men.
quantifiers,Bir şey değil.,You're welcome / It's nothing.
quantifiers,Birkaç kadın denizde yüzüyor.,A few women are swimming in the sea.
quantifiers,Birkaç kişi eski hastaneye gidiyor.,A few people are going to the old hospital.
quantifiers,Birçok kişi her gün bir elma yer.,Many people eat an apple every day.
quantifiers,Birçok öğrenci pantolon giyer.,Many students wear pants.
quantifiers,Biri buraya doğru yürüyor.,Someone is walking towards here.
quantifiers,Biz her şeyi çok iyi biliyoruz.,We know everything very well.
quantifiers,Bu hastanede hiç kimse yok.,There is no one in this hospital.
quantifiers,Burada hiç kimse yok.,There is no one here.
quantifiers,Bugün hastanede hiç kimse yok.,There is no one in the hospital today.
quantifiers,Bütün elbiseler kırmızı mı?,Are all the dresses red?
quantifiers,Bütün kediler süt içer.,All cats drink milk.
quantifiers,Bütün pasta benim.,All of the cake is mine.
quantifiers,Bütün kadınlar benim arkamda.,All the women are behind me.
quantifiers,Doktor biraz yakışıklı.,The doctor is a little handsome.
quantifiers,Duo hakkında üç şey.,Three things about Duo.
quantifiers,Evde hiçbir şey yok.,There is nothing at home.
quantifiers,Filler her şeyi yer.,Elephants eat everything.
quantifiers,"Hayır, hiçbir şey iyi değil.","No, nothing is good."
quantifiers,Herkes onu çok seviyor.,Everyone likes him/her a lot.
questions,Kaplumbağa kimin?,Whose is the turtle?
questions,Kim tavuk yer?,Who eats chicken?
questions,Bu elma kimin?,Whose is this apple?
questions,Soru nedir?,What is the question?
questions,O ne içer?,What does he drink?
questions,Ne kadar şekeriniz var?,How much sugar do you have?
questions,"Ne, neden ve nasıl?","What, why, and how?"
questions,Neden ben?,Why me?
questions,Hangi köpek senin?,Which dog is yours?
questions,Hangisi benim?,Which one is mine?
questions,Senin kaç tane kedin var?,How many cats do you have?
questions,Kaç tane kedi var?,How many cats are there?
questions,Senin sorunun bir cevabı yok.,Your question has no answer.
questions,Hangi kadın gazeteyi okur?,Which woman reads the newspaper?
questions,Kaç tane çileğiniz var?,How many strawberries do you have?
questions,Onlar neredeler?,Where are they?
questions,O ne?,What is that?
questions,Benim bir cevabım yok.,I do not have an answer.
questions,Hangisi senin?,Which one is yours?
questions,Hangisi o?,Which one is it?
questions,Kim o?,Who is it?
reflexive_pronoun,Biz birbirimizi seviyoruz.,We love each other.
reflexive_pronoun,Biz birbirimizi yarın görecek miyiz?,Will we see each other tomorrow?
reflexive_pronoun,Biz kendimizi görmüyoruz.,We do not see ourselves.
reflexive_pronoun,Bunu kendim yapacağım.,I will do this myself.
reflexive_pronoun,Bunu kendimiz yapalım mı?,Shall we do this ourselves?
reflexive_pronoun,Hayvan gölde kendini görüyor.,The animal sees itself in the lake.
reflexive_pronoun,"Hayır teşekkürler, biz onu kendimiz değiştireceğiz.","No thanks, we will change it ourselves."
reflexive_pronoun,Kendi kendine konuşuyorsun.,You are talking to yourself.
reflexive_pronoun,Kendilerinden nefret ediyorlar çünkü kötü şeyler yaptılar.,They hate themselves because they did bad things.
reflexive_pronoun,Kendimi seviyorum.,I love myself.
reflexive_pronoun,Kendin ye!,Eat it yourself!
reflexive_pronoun,Kendinizi seviyor musunuz?,Do you love yourselves?
reflexive_pronoun,Menüyü kendiniz okur musunuz yoksa biz mi okuyalım?,Will you read the menu yourself or should we read it?
reflexive_pronoun,O kendini seviyor.,He loves himself/herself.
reflexive_pronoun,Onlar bütün tavuğu kendileri mi yiyecek?,Will they eat the whole chicken themselves?
reflexive_pronoun,Pastayı kendin mi yaptın?,Did you make the cake yourself?
reflexive_pronoun,Sen bunu bana kendin dedin.,You said this to me yourself.
reflexive_pronoun,Siz birbirinizden nefret mi ediyorsunuz?,Do you hate each other?
relative_participle,Ağlayan adam mutsuz olmalı.,The crying man must be unhappy.
relative_participle,Babası öğretmen olan bir arkadaşım var.,I have a friend whose father is a teacher.
relative_participle,"Bağırmayan bir arkadaş istiyorum, lütfen!","I want a friend who does not shout, please!"
relative_participle,Beni öpen kurbağa burada!,The frog that kissed me is here!
relative_participle,Beni tercih eden herkese teşekkür etmek istiyorum.,I want to thank everyone who chose me.
relative_participle,Bu beni çok etkileyen bir kitap.,This is a book that affected me a lot.
relative_participle,Bu haberi yazan gazeteci kim?,Who is the journalist who wrote this news?
relative_participle,Bu konu hakkında yazılan kitapları gördün mü?,Have you seen the books written about this subject?
relative_participle,Bu şiiri çeviren kişi ile tanışmak istiyorum.,I want to meet the person who translated this poem.
relative_participle,Eti tercih eden erkekleri anlamıyorum.,I do not understand men who prefer meat.
relative_participle,Ördeği mavi olan adam bu.,This is the man whose duck is blue.
relative_participle,Parkta ağlayan çocuğu gördün mü?,Did you see the child crying in the park?
relative_participle,Parkta dans eden güzel kadının adını biliyor musun?,Do you know the name of the beautiful woman dancing in the park?
relative_participle,Yeni çevrilen kitap bu mu?,Is this the newly translated book?
science,Araştırma yapıyorum ama hiçbir şey anlamıyorum.,I am doing research but I don't understand anything.
science,Ayrıntılar önemlidir.,Details are important.
science,Az miktarda şarap içebilirsin.,You can drink a small amount of wine.
science,Ben bu laboratuvarda çalışıyorum.,I work in this laboratory.
science,Ben deneylerimi bu laboratuvarda yapıyorum.,I do my experiments in this laboratory.
science,Ben sadece bilimsel gerçeklere inanıyorum.,I only believe in scientific facts.
science,Bilgisayar teknolojisi son yıllarda çok gelişti.,Computer technology has developed a lot in recent years.
science,Bilimde ayrıntılar çok önemlidir.,Details are very important in science.
science,Bilime neden yeterince değer verilmiyor?,Why is science not valued enough?
science,"Bilimsel gerçeklere inanmıyorsan, bu senin sorunun.","If you don't believe in scientific facts, that is your problem."
science,Bu bir biyoloji laboratuvarı.,This is a biology laboratory.
science,Bu buluş doğa için çok önemli.,This discovery is very important for nature.
science,Bu deneyler çok zor.,These experiments are very difficult.
science,Bu kaşık hangi maddeden yapılmış?,What material is this spoon made of?
science,Bu maddenin özellikleri hakkında araştırma yapmalıyım.,I must research the properties of this substance.
science,Bu odada sıcaklık çok yüksek.,The temperature in this room is very high.
science,Bu yeni ilacın etkileri nelerdir?,What are the effects of this new medicine?
science,Bu yeni telefonun özellikleri nedir?,What are the features of this new phone?
science,"Bu, evrimin bir sonucu.",This is a result of evolution.
science,Bugün hava sıcaklığı sıfırın altında.,Today the air temperature is below zero.
simple_past,Abisi onu sonunda durdurdu.,His older brother finally stopped him/her.
simple_past,"Ailem ve ben, bu dili anladık.",My family and I understood this language.
simple_past,Akşam saat yedide eve geldim.,I came home at seven in the evening.
simple_past,Akşam yemeği hoşumuza gitti.,We liked the dinner.
simple_past,Akşam yemeği için masayı kurduk.,We set the table for dinner.
simple_past,Altıncı odada yeni bir araba var.,There is a new car in the sixth room.
simple_past,Annemin eteği siyahtı.,My mother's skirt was black.
simple_past,Arabayı gördü.,He saw the car.
simple_past,Arkadaşım benimle Almanya’ya geldi.,My friend came to Germany with me.
simple_past,Arkadaşımı yeni parka çağırdım.,I invited my friend to the new park.
simple_past,Babamın arabası siyahtı.,My father's car was black.
simple_past,Bana inandın mı?,Did you believe me?
simple_past,Bahçede üç kuş göründü.,Three birds appeared in the garden.
simple_past,Bebek süt içti.,The baby drank milk.
simple_past,Bardak yere düştü.,The glass fell to the ground.
simple_past,Ben geçen yıl değiştim.,I changed last year.
simple_past,Ben Ankara'da doğdum.,I was born in Ankara.
simple_past,Bana güzel göründü.,It seemed beautiful to me.
simple_past,Ben her şeyi unuttum.,I forgot everything.
simple_past,Ben ofise döndüm.,I returned to the office.
simple_past,Benim anneannem çok yaşlıydı.,My maternal grandmother was very old.
simple_past,Benim bavulumu Duo taşıdı.,Duo carried my suitcase.
simple_past,Benim doktorum çok gençti.,My doctor was very young.
simple_past,Benim köpeğim siyahtı.,My dog was black.
simple_past,Benim siyah bavulum oldukça eskiydi.,My black suitcase was quite old.
simple_past,Benim üç kedim vardı.,I had three cats.
simple_past,Beş yıl bu evde yaşadım.,I lived in this house for five years.
simple_past,Bir polis arabası yolun kenarında durdu.,A police car stopped at the side of the road.
simple_past,Biz balık yedik.,We ate fish.
simple_past,Bu kitabı sevdim.,I liked this book.
sports,Bu futbolcu hangi takımda oynuyor?,In which team does this football player play?
sports,Bu maçta üç gol attım.,I scored three goals in this match.
sports,Bu oyun çok uzun.,This game is very long.
sports,Bu popüler bir takım.,This is a popular team.
sports,Bu top çok kirli.,This ball is very dirty.
sports,Çocuklar bahçede oyun oynuyor.,The children are playing a game in the garden.
sports,Duo bugün kaç gol attı?,How many goals did Duo score today?
sports,Futbol bir takım oyunu.,Football is a team game.
sports,Meşhur futbolcu İstanbul'da ev aldı.,The famous football player bought a house in Istanbul.
sports,Okulda spor yoktur.,There are no sports at school.
sports,Siz sporu sever misiniz?,Do you like sports?
sports,Top bende.,I have the ball.
suggestion,Alıştırma yapalım.,Let's do exercises.
suggestion,Annemin doğum günü için nasıl bir hediye alalım.,What kind of gift should we buy for my mother's birthday?
suggestion,Beraber yemek yapalım.,Let's make food together.
suggestion,Bira mı içelim şarap mı?,Should we drink beer or wine?
suggestion,Bu çok pahalı bir hediye.,This is a very expensive gift.
suggestion,Bu gece şu bara gidelim.,Let's go to that bar tonight.
suggestion,"Bu hediye çok güzel, çok teşekkür ederim!","This gift is very beautiful, thank you very much!"
suggestion,Bu kitabı alalım.,Let's buy this book.
suggestion,Bugün evde kitap okuyalım.,Let's read books at home today.
suggestion,Cumartesi günü hep beraber içelim.,Let's all drink together on Saturday.
suggestion,Eve gidelim.,Let's go home.
suggestion,"Evet, tavuk yiyelim.","Yes, let's eat chicken."
suggestion,Hangi gazeteyi okuyalım?,Which newspaper should we read?
suggestion,Hangi konuda konuşalım.,Which subject should we talk about?
suggestion,Hastaneye gidelim mi?,Shall we go to the hospital?
suggestion,Hep beraber konuşalım.,Let's all talk together.
suggestion,Makarna yiyelim mi?,Shall we eat pasta?
suggestion,Mavi elbiseyi alalım mı?,Shall we buy the blue dress?
suggestion,Ne yapalım?,What should we do?
suggestion,Su içelim.,Let's drink water.
suggestion,Şu kitabı okuyalım mı?,Shall we read that book?
suggestion,Yarın konuşalım mı?,Shall we talk tomorrow?
suggestion,Yarın portakal yiyelim.,Let's eat oranges tomorrow.
telling_time,Akşam yemeği saat kaçta?,At what time is dinner?
telling_time,Altı buçuktan sonra gel!,Come after half past six!
telling_time,Beşi on geçe burada ol!,Be here at ten past five!
telling_time,Beşten sonra görüşürüz.,See you after five.
telling_time,Bir saat sonra randevum var.,I have an appointment in one hour.
telling_time,Biri on dokuz geçe hastanede ol!,Be at the hospital at nineteen past one!
telling_time,Biri on sekiz geçe eve gel!,Come home at eighteen past one!
telling_time,Dört buçukta görüşürüz.,See you at four-thirty.
telling_time,Kediler yediyi çeyrek geçe süt içer.,Cats drink milk at a quarter past seven.
telling_time,O her gün bire çeyrek kala elma yer.,He eats an apple every day at a quarter to one.
telling_time,Saat birde öğle yemeği yiyorum.,I am eating lunch at one o'clock.
telling_time,Yediyi beş geçe ofise gel.,Come to the office at five past seven.
telling_time,Beşe yirmi var.,It is twenty to five.
telling_time,Beşi beş geçiyor.,It is five past five.
telling_time,Beşe on kala gel.,Come at ten to five.
telling_time,Beşte postanede ol!,Be at the post office at five!
telling_time,Bire çeyrek var.,It is a quarter to one.
telling_time,Saat iki buçuk.,It is two-thirty.
telling_time,Saat kaç?,What time is it?
telling_time,Saat kaçta gidiyoruz?,What time are we going?
telling_time,Saatin dakikaları.,Minutes of the hour.
telling_time,Yediye on kala.,Ten to seven.
telling_time,Yediyi yirmi geçiyor.,It is twenty past seven.
telling_time,Yediye yirmi var.,It is twenty to seven.
time,Akşam yemeği zamanı.,It is dinner time.
time,Alex bugün çok yorgun.,Alex is very tired today.
time,Aralık ayı çok sıcak.,The month of December is very hot.
time,Aralık yılın son ayıdır.,December is the last month of the year.
time,Ağustosta güzel elbiseler giyeriz.,We wear beautiful dresses in August.
time,Bana bunu her zaman söylüyorsun.,You always tell me this.
time,Ben bugün çok açım.,I am very hungry today.
time,Ben her gece uyuyorum.,I sleep every night.
time,Ben salıları peynir yerim.,I eat cheese on Tuesdays.
time,Ben çarşambaları şarap içerim.,I drink wine on Wednesdays.
time,Benim zamanım yok.,I have no time.
time,Beş dakikaları var.,They have five minutes.
time,Bir asır sonra randevum var.,I have an appointment a century later.
time,Bir asır sonra.,A century later.
time,Bir asır yüz yıldır.,A century is a hundred years.
time,Bir ay otuz gündür.,A month is thirty days.
time,Bir dakikan var.,You have a minute.
time,Bir dakikarı var.,He has a minute.
time,"Bir saniye, lütfen.","One second, please."
time,Bir yıl elli iki haftadır.,A year is fifty-two weeks.
time,Bir yıl on iki aydır.,A year is twelve months.
time,Biz ekimde şarap yapıyoruz.,We make wine in October.
time,Biz perşembe günü bira içeriz.,We drink beer on Thursday.
time,Biz temmuzda bira içeriz.,We drink beer in July.
time,Bu ay üç öğrencim var.,I have three students this month.
time,Bu ağustosta o yüzüyor.,He is swimming this August.
time,Bu hafta benim zamanım yok.,I have no time this week.
time,Bu kış çok soğuk.,This winter is very cold.
time,Bu yıl şubat kaç gün?,How many days is February this year?
time,Bu yıl şubat soğuk değil.,February is not cold this year.
together_with,Adamla kadın nerede?,Where are the man and the woman?
together_with,Aramızda bir kadın/çocuk var.,There is a woman/child between us.
together_with,Balığı tuzsuz yiyoruz.,We eat the fish without salt.
together_with,Ben makarnayı tuzlu yiyorum.,I eat the pasta with salt.
together_with,Ben peynirsiz makarna istiyorum.,I want pasta without cheese.
together_with,Benimle eve gel.,Come home with me.
together_with,Benimle gel.,Come with me.
together_with,Benimle bara gel.,Come to the bar with me.
together_with,Benimle veya Duo ile.,With me or with Duo.
together_with,Beraber yiyin!,Eat together!
together_with,Biz çayı şekerli içeriz.,We drink tea with sugar.
together_with,Bizimle değilsin.,You are not with us.
together_with,Bizimle gel.,Come with us.
together_with,Bu bizimle onların arasındadır.,This is between us and them.
together_with,Bu çorba peynirsiz.,This soup is without cheese.
together_with,Bu hastane beş yüz altmış üç odalı.,This hospital has five hundred sixty-three rooms.
together_with,Çocuklar sütü şekersiz seviyorlar.,Children like milk without sugar.
together_with,Çorba sütlüdür.,The soup is with milk.
together_with,Çorbayı tuzlu içiyorlar.,They drink the soup salty.
together_with,Çorbayı tuzsuz içiyorum.,I drink the soup without salt.
together_with,Duo ile akşam yemeği yiyoruz.,We are eating dinner with Duo.
together_with,Duo adamla süt içiyor.,Duo is drinking milk with the man.
together_with,Ekmeği sütsüz yiyorum.,I eat the bread without milk.
together_with,Evin kaç odalı?,How many rooms does your house have?
together_with,Kadın adamla mutlu.,The woman is happy with the man.
together_with,Kahve sütlü içiyorum.,I drink coffee with milk.
together_with,Kahve sütsüz değil.,The coffee is not without milk.
together_with,Kahveyi seninle içerim.,I drink coffee with you.
together_with,Kedi ile fare.,The cat and the mouse.
together_with,Kedi peynirli ekmek yiyor.,The cat is eating bread with cheese.
travel,Araba sürüyorum çünkü ehliyetim var.,I am driving a car because I have a license.
travel,Arabayı kim kullanıyor?,Who is using the car?
travel,Arabayı sağda görüyorum.,I see the car on the right.
travel,Arabayı sen kullan!,You use the car!
travel,Ata biniyoruz.,We are riding a horse.
travel,Ata binmek zor ama eşeğe binmek çok kolay.,Riding a horse is hard but riding a donkey is very easy.
travel,Bavulun içinde çok şey var.,There are many things in the suitcase.
travel,Ben burada iniyorum.,I am getting off here.
travel,Ben sık sık treni kaçırırım.,I often miss the train.
travel,Ben turistim.,I am a tourist.
travel,Biletiniz var mı?,Do you have a ticket?
travel,Benim oğlumun karısının bir arabası yok ama bir bisikleti var.,My son's wife does not have a car but has a bicycle.
travel,Bilet almıyorum çünkü bisiklet Kullanıyorum.,I am not buying a ticket because I use a bicycle.
travel,Bisiklet çok güzel.,The bicycle is very beautiful.
travel,Bisiklete binmek istiyorum.,I want to ride a bicycle.
travel,Bu benim bavulum değil!,This is not my suitcase!
travel,Bu deniz mi yoksa okyanus mu?,Is this a sea or an ocean?
travel,Bu deniz o gölden daha küçük.,This sea is smaller than that lake.
travel,Bu ehliyet uçak kullanmak için.,This license is for using an airplane.
travel,Bu gölde çok balık var mı?,Are there many fish in this lake?
travel,Bu hangi ülkenin pasaportu.,Which country's passport is this?
travel,Bu harita çok küçük.,This map is very small.
travel,Burada turist misiniz.,Are you a tourist here?
travel,"Bu taraf Almanya, o taraf Fransa.","This side is Germany, that side is France."
travel,Bugün ingiltere’ye uçuyoruz.,We are flying to England today.
travel,Bugün tatil çünkü bugün pazar.,Today is a holiday because today is Sunday.
travel,Bugün yolculuk yapıyoruz.,We are making a journey today.
travel,Deniz hangi tarafta?,Which side is the sea?
travel,Dolmuşa kaç kişi biniyor?,How many people are getting on the shared taxi?
travel,Dolmuş ne kadar?,How much is the shared taxi?
türkiye,Akdeniz.,The Mediterranean.
türkiye,Anadolu'daki geleneksel yemekler nelerdir?,What are the traditional foods in Anatolia?
türkiye,Antalya Türkiye'nin güneyinde bir şehir.,Antalya is a city in the south of Turkey.
türkiye,Atatürk'ü tanıyor musun?,Do you know Atatürk?
türkiye,Atatürk'ün doğduğu şehir şimdi Yunanistan'dadır.,The city where Atatürk was born is now in Greece.
türkiye,Babam her akşam bizim için çay demler.,My father brews tea for us every evening.
türkiye,Baklava yapmayı bilmiyorum ama öğrenmek istiyorum.,I don't know how to make baklava but I want to learn.
türkiye,Baklavanın tadı çok güzel.,The taste of the baklava is very good.
türkiye,Bu çorba salçalı mı?,Is this soup with tomato paste?
türkiye,"Dolma yaptım, yemek ister misin?","I made stuffed grape leaves dolma, do you want to eat?"
türkiye,Dolmanın içinde ne var?,What is inside the dolma?
türkiye,Domates salçası.,Tomato paste.
türkiye,Dünya'daki fındıkların yüzde yetmiş beşinin Türkiye'de üretildiğini biliyor musun?,Do you know that seventy-five percent of the world's hazelnuts are produced in Turkey?
türkiye,Fındıklı pasta en sevdiğim pasta!,Hazelnut cake is my favorite cake!
türkiye,İzmir Ege Bölgesi'ndedir.,Izmir is in the Aegean Region.
türkiye,Kapadokya'da birçok dağ vardır.,There are many mountains in Cappadocia.
türkiye,Karadeniz bölgesi.,Black Sea region.
türkiye,Lokum yemeyi severim.,I like eating Turkish delight lokum.
türkiye,Marmara Denizi.,Sea of Marmara.
türkiye,O ülkede sanata değer veriliyor.,Art is valued in that country.
türkiye,Sen hiç rakı içtin mi?,Have you ever drunk rakı?
türkiye,Türk çayı çaydanlıkta demlenir.,Turkish tea is brewed in a teapot.
türkiye,Türk halıları çok güzel.,Turkish carpets are very beautiful.
türkiye,Türk kahvesi cezvede yapılır.,Turkish coffee is made in a long-handled pot cezve.
türkiye,Türkiye'de herkeste cezve var mı?,Does everyone in Turkey have a cezve?
türkiye,Yaz tatilinde Akdeniz’e gideceğiz.,We will go to the Mediterranean during summer vacation.
upon_when,Alex karar verince Ayşe gitti.,"When Alex decided, Ayşe left."
upon_when,Alex senden özür dileyince ne yaptın?,What did you do when Alex apologized to you?
upon_when,Almanya’ya gelince bana haber ver.,Let me know when you come to Germany.
upon_when,Bu olaylar gerçekleşince dedem çok üzüldü.,My grandfather was very sad when these events took place.
upon_when,Çantasını kaybettiğini fark edince polisi aradı.,"When he realized he lost his bag, he called the police."
upon_when,Duo gelince pasta yedik.,"When Duo came, we ate cake."
upon_when,Eğlenmeye karar verince bara gittik.,"When we decided to have fun, we went to the bar."
upon_when,Gamze senden özür dileyince ben de senden özür dilemek istedim.,"When Gamze apologized to you, I wanted to apologize to you too."
upon_when,Kriz gerçekleşince herkes üzüldü.,Everyone was saddened when the crisis occurred.
upon_when,Ödevi bitirince beni ara.,Call me when you finish the homework.
upon_when,Ödevini yapmadığını fark edince annesini aradım.,"When I realized he didn't do his homework, I called his mother."
upon_when,Sen karar verince babama haber ver.,Let my father know when you decide.
upon_when,Yemeği bitirince pasta yiyebilirsin.,You can eat cake when you finish the food.
while_when,Ankara'dayken güzel bir restoranda tavuk yedik.,"While in Ankara, we ate chicken at a nice restaurant."
while_when,Ankara'dayken kendim için yeni elbiseler aldım.,"While in Ankara, I bought new dresses for myself."
while_when,Annem telefonda konuşurken ben çay içtim.,"While my mother was talking on the phone, I drank tea."
while_when,Baban çalışırken sen neden oturuyorsun?,Why are you sitting while your father is working?
while_when,Ben Ayasofya’yı ilk kez on beş yaşındayken gördüm.,I saw Hagia Sophia for the first time when I was fifteen years old.
while_when,Ben eve giderken kar yağdı.,It snowed while I was going home.
while_when,Ben evde değilken neden öğretmenim geliyor?,Why is my teacher coming while I am not at home?
while_when,Ben kütüphanede çalışırken arkadaşım eve gitti.,"While I was working at the library, my friend went home."
while_when,Ben Türkçe çalışırken sen Çince çalışırsın.,"While I study Turkish, you study Chinese."
while_when,Ben yemek pişirirken bir bardak şarap içerim.,"While I cook food, I drink a glass of wine."
while_when,Çocukken her gün portakal yerdim.,I used to eat oranges every day when I was a child.
while_when,Çocukken her sabah kitap okurdun.,You used to read books every morning when you were a child.
while_when,Çocuklar orada dolaşırken biz burada yemek yedik.,"While the children were wandering there, we ate food here."
while_when,Denizde yüzerken yedi tane balık gördüm.,I saw seven fish while swimming in the sea.
while_when,Dolaşırken onu gördüm.,I saw him/her while wandering.
while_when,Ekmeği kaldırırken eti gördüm.,"While lifting the bread, I saw the meat."
while_when,Gençken bira içerdik.,We used to drink beer when we were young.
while_when,Gençken her gün makarna yerdik.,We used to eat pasta every day when we were young.
while_when,"Giderken ""hoşça kal"" dedim.","I said ""goodbye"" while leaving."
while_when,Grup oluştururken dikkat et.,Be careful while forming a group.
while_when,İki yaşındayken dans etmeyi öğrendim.,I learned to dance when I was two years old.
while_when,İşsizken çok kilo aldım.,I gained a lot of weight while unemployed.
while_when,İşsizken arkadaşım ile seyahate çıkıyorum.,"While unemployed, I am going on a trip with my friend."
while_when,İşsizken zaman yavaş geçiyor.,Time passes slowly while unemployed.
while_when,Kitabı oluştururken çok yardım aldım.,I got a lot of help while creating the book.
while_when,Kız kardeşim çocukken beni çok severdi.,My sister used to love me a lot when she was a child.
while_when,O adamla beraber değilken daha mutluyuz.,We are happier when we are not with that man.
while_when,O çorbayı pişirirken ben makarna yaptım.,"While he was cooking that soup, I made pasta."
while_when,Okula giderken arkadaşımı gördüm.,I saw my friend while going to school.
while_when,Onunla oynarken dikkatli ol!,Be careful while playing with him/her!